timestamp,regiao,consumo,capacidade,prioridade,custo,criticidade
2026-01-01 00:00,Sul,96.4,157.41,3,43.08,126.4
2026-01-01 01:00,Oeste,96.81,137.54,5,34.09,146.81
2026-01-01 02:00,Norte,110.87,161.32,2,66.88,130.87
2026-01-01 03:00,Oeste,63.23,151.07,5,34.89,113.23
2026-01-01 04:00,Sul,61.45,145.47,1,46.41,71.45
2026-01-01 05:00,Leste,92.7,147.04,2,39.79,112.7
2026-01-01 06:00,Centro,119.57,168.78,3,96.67,149.57
2026-01-01 07:00,Oeste,99.32,164.45,4,61.75,139.32
2026-01-01 08:00,Leste,118.33,165.94,5,98.36,168.33
2026-01-01 09:00,Leste,65.48,149.06,1,45.62,75.48
2026-01-01 10:00,Oeste,148.95,157.27,1,78.65,158.95
2026-01-01 11:00,Leste,84.33,149.24,3,43.27,114.33
2026-01-01 12:00,Sul,88.69,138.28,1,59.02,98.69
2026-01-01 13:00,Centro,81.69,157.61,4,43.11,121.69
2026-01-01 14:00,Norte,104.2,173.04,1,45.58,114.2
2026-01-01 15:00,Centro,108.58,145.71,1,46.32,118.58
2026-01-01 16:00,Oeste,115.5,150.86,4,62.07,155.5
2026-01-01 17:00,Centro,108.55,166.43,5,67.67,158.55
2026-01-01 18:00,Sul,150.2,168.63,3,64.82,180.2
2026-01-01 19:00,Sul,169.1,159.61,1,138.1,207.59
2026-01-01 20:00,Oeste,149.15,140.91,4,98.12,213.87
2026-01-01 21:00,Centro,118.69,193.84,5,53.51,168.69
2026-01-01 22:00,Centro,102.44,158.25,1,72.63,112.44
2026-01-01 23:00,Oeste,100.24,134.34,3,36.78,130.24
2026-01-02 00:00,Sul,101.1,161.01,3,89.28,131.1
2026-01-02 01:00,Centro,88.15,159.66,3,70.96,118.15
2026-01-02 02:00,Centro,88.85,154.54,2,55.41,108.85
2026-01-02 03:00,Leste,129.46,150.06,4,40.35,169.46
2026-01-02 04:00,Sul,134.14,140.45,3,59.52,164.14
2026-01-02 05:00,Norte,143.64,134.79,1,106.17,180.21
2026-01-02 06:00,Oeste,130.54,157.45,2,49.22,150.54
2026-01-02 07:00,Oeste,114.19,157.05,5,94.03,164.19
2026-01-02 08:00,Oeste,156.05,152.34,2,113.57,187.19
2026-01-02 09:00,Oeste,136.2,159.34,4,114.38,176.2
2026-01-02 10:00,Centro,112.92,167.37,3,35.3,142.92
2026-01-02 11:00,Norte,102.2,170.5,1,74.06,112.2
2026-01-02 12:00,Sul,107.16,192.29,3,36.7,137.16
2026-01-02 13:00,Centro,94.87,177.01,5,35.99,144.87
2026-01-02 14:00,Sul,83.44,154.84,4,65.46,123.44
2026-01-02 15:00,Oeste,130.42,172.29,3,72.27,160.42
2026-01-02 16:00,Leste,105.47,156.22,1,35.48,115.47
2026-01-02 17:00,Oeste,103.76,153.15,2,42.97,123.76
2026-01-02 18:00,Norte,110.13,167.37,4,49.55,150.13
2026-01-02 19:00,Centro,53.44,170.43,5,19.17,103.44
2026-01-02 20:00,Oeste,133.91,126.1,2,53.53,177.33
2026-01-02 21:00,Norte,50.34,163.51,1,20.08,60.34
2026-01-02 22:00,Centro,119.54,158.91,4,56.32,159.54
2026-01-02 23:00,Norte,84.82,145.27,2,40.54,104.82
2026-01-03 00:00,Centro,72.54,151.05,3,24.25,102.54
2026-01-03 01:00,Centro,44.49,164.89,5,17.55,94.49
2026-01-03 02:00,Sul,114.04,164.64,5,38.86,164.04
2026-01-03 03:00,Centro,50.98,180.32,5,22.82,100.98
2026-01-03 04:00,Leste,110.02,161.53,5,70.32,160.02
2026-01-03 05:00,Oeste,115.5,155.96,3,51.19,145.5
2026-01-03 06:00,Norte,124.5,175.83,4,60.97,164.5
2026-01-03 07:00,Norte,134.77,161.22,5,120.98,184.77
2026-01-03 08:00,Norte,71.14,155.83,2,61.18,91.14
2026-01-03 09:00,Centro,117.43,150.09,2,66.1,137.43
2026-01-03 10:00,Centro,90.1,140.24,5,27.45,140.1
2026-01-03 11:00,Norte,88.74,181.08,2,40.7,108.74
2026-01-03 12:00,Leste,99.31,151.29,3,65.83,129.31
2026-01-03 13:00,Leste,110.19,180.38,3,66.47,140.19
2026-01-03 14:00,Leste,140.06,143.74,1,95.32,150.06
2026-01-03 15:00,Leste,121.66,163.7,2,83.01,141.66
2026-01-03 16:00,Norte,114.24,173.76,4,72.72,154.24
2026-01-03 17:00,Leste,146.12,174.15,2,91.67,166.12
2026-01-03 18:00,Leste,87.71,155.79,2,28.51,107.71
2026-01-03 19:00,Sul,135.9,144.14,1,114.07,145.9
2026-01-03 20:00,Oeste,84.65,139.75,3,65.02,114.65
2026-01-03 21:00,Sul,141.04,155.92,2,115.47,161.04
2026-01-03 22:00,Oeste,104.12,157.72,3,80.11,134.12
2026-01-03 23:00,Norte,116.1,131.63,2,53.42,136.1
2026-01-04 00:00,Oeste,94.8,162.84,4,41.09,134.8
2026-01-04 01:00,Sul,72.84,182.53,2,31.6,92.84
2026-01-04 02:00,Leste,83.77,167.22,1,73.73,93.77
2026-01-04 03:00,Norte,82.29,174.41,5,41.04,132.29
2026-01-04 04:00,Leste,149.66,186.38,2,97.03,169.66
2026-01-04 05:00,Leste,132.72,164.81,3,97.83,162.72
2026-01-04 06:00,Centro,33.65,176.81,1,17.87,43.65
2026-01-04 07:00,Centro,102.77,164.2,4,30.94,142.77
2026-01-04 08:00,Norte,77.07,127.16,2,39.96,97.07
2026-01-04 09:00,Norte,153.42,149.34,5,74.92,215.66
2026-01-04 10:00,Leste,96.01,147.55,3,67.22,126.01
2026-01-04 11:00,Oeste,82.88,167.23,2,34.4,102.88
2026-01-04 12:00,Oeste,76.2,130.93,5,48.88,126.2
2026-01-04 13:00,Centro,99.32,159.87,3,42.32,129.32
2026-01-04 14:00,Sul,82.72,151.78,4,46.76,122.72
2026-01-04 15:00,Leste,55.69,158.13,2,38.72,75.69
2026-01-04 16:00,Sul,64.77,157.94,3,23.06,94.77
2026-01-04 17:00,Norte,91.68,150.53,2,35.61,111.68
2026-01-04 18:00,Centro,100.92,177.02,1,57.85,110.92
2026-01-04 19:00,Sul,113.2,181.76,4,61.11,153.2
2026-01-04 20:00,Sul,98.53,158.69,1,75.58,108.53
2026-01-04 21:00,Centro,128.26,193.74,5,74.23,178.26
2026-01-04 22:00,Oeste,100.24,189.13,4,38.09,140.24
2026-01-04 23:00,Oeste,63.23,121.28,5,31.01,113.23
2026-01-05 00:00,Centro,69.72,144.45,5,38.77,119.72
2026-01-05 01:00,Sul,86.12,162.94,4,49.09,126.12
2026-01-05 02:00,Sul,110.78,149.79,5,65.45,160.78
2026-01-05 03:00,Leste,98.45,165.95,3,43.39,128.45
2026-01-05 04:00,Oeste,86.78,176.93,2,33.89,106.78
2026-01-05 05:00,Leste,86.5,137.96,1,47.48,96.5
2026-01-05 06:00,Oeste,75.0,155.89,2,59.98,95.0
2026-01-05 07:00,Centro,127.37,148.82,1,103.68,137.37
2026-01-05 08:00,Oeste,98.01,161.11,3,46.96,128.01
2026-01-05 09:00,Centro,137.47,130.43,4,85.63,198.6
2026-01-05 10:00,Oeste,116.46,129.52,4,50.27,156.46
2026-01-05 11:00,Oeste,75.29,161.34,4,55.3,115.29
2026-01-05 12:00,Oeste,161.47,139.59,5,51.05,277.12
2026-01-05 13:00,Sul,69.1,147.92,1,47.38,79.1
2026-01-05 14:00,Sul,110.61,152.95,3,58.34,140.61
2026-01-05 15:00,Oeste,78.23,163.82,4,36.53,118.23
2026-01-05 16:00,Norte,99.85,166.2,1,74.83,109.85
2026-01-05 17:00,Norte,123.2,159.99,1,94.71,133.2
2026-01-05 18:00,Centro,101.63,123.34,2,81.66,121.63
2026-01-05 19:00,Sul,107.48,166.37,1,68.61,117.48
2026-01-05 20:00,Centro,81.23,162.52,3,32.54,111.23
2026-01-05 21:00,Norte,138.77,154.61,2,121.96,158.77
2026-01-05 22:00,Oeste,49.4,143.63,5,34.9,99.4
2026-01-05 23:00,Sul,68.45,174.37,1,44.85,78.45
2026-01-06 00:00,Centro,134.5,175.42,5,105.36,184.5
2026-01-06 01:00,Norte,104.7,146.44,4,72.97,144.7
2026-01-06 02:00,Norte,77.17,159.49,4,61.23,117.17
2026-01-06 03:00,Oeste,78.33,165.77,4,56.74,118.33
2026-01-06 04:00,Centro,113.59,176.29,3,76.06,143.59
2026-01-06 05:00,Sul,104.31,143.43,5,48.09,154.31
2026-01-06 06:00,Oeste,105.17,154.42,4,46.94,145.17
2026-01-06 07:00,Leste,66.38,150.53,3,21.06,96.38
2026-01-06 08:00,Centro,107.17,169.42,3,54.04,137.17
2026-01-06 09:00,Sul,93.93,148.5,1,57.3,103.93
2026-01-06 10:00,Sul,134.26,172.26,4,85.0,174.26
2026-01-06 11:00,Norte,86.87,139.87,4,49.42,126.87
2026-01-06 12:00,Centro,114.76,165.86,2,55.51,134.76
2026-01-06 13:00,Centro,78.41,173.97,3,43.54,108.41
2026-01-06 14:00,Sul,81.07,180.42,3,39.23,111.07
2026-01-06 15:00,Sul,111.87,166.75,1,83.43,121.87
2026-01-06 16:00,Centro,114.71,182.93,3,84.28,144.71
2026-01-06 17:00,Leste,42.42,135.95,2,20.27,62.42
2026-01-06 18:00,Norte,101.81,162.29,5,38.28,151.81
2026-01-06 19:00,Oeste,131.33,156.94,2,89.66,151.33
2026-01-06 20:00,Oeste,103.14,161.42,3,59.99,133.14
2026-01-06 21:00,Oeste,65.0,192.77,3,56.2,95.0
2026-01-06 22:00,Norte,106.93,163.62,4,36.83,146.93
2026-01-06 23:00,Sul,126.43,182.33,3,44.39,156.43
2026-01-07 00:00,Centro,131.27,177.28,5,86.33,181.27
2026-01-07 01:00,Leste,104.63,178.03,4,88.42,144.63
2026-01-07 02:00,Norte,148.44,124.94,3,95.18,248.93
2026-01-07 03:00,Leste,68.32,144.35,2,46.14,88.32
2026-01-07 04:00,Sul,92.2,152.58,2,58.2,112.2
2026-01-07 05:00,Norte,127.35,160.28,5,74.11,177.35
2026-01-07 06:00,Sul,104.55,183.34,4,35.83,144.55
2026-01-07 07:00,Sul,139.09,147.85,5,96.9,189.09
2026-01-07 08:00,Sul,72.05,168.53,2,60.89,92.05
2026-01-07 09:00,Centro,113.57,163.92,3,74.62,143.57
2026-01-07 10:00,Oeste,123.66,152.33,4,88.19,163.66
2026-01-07 11:00,Centro,127.57,153.77,4,71.78,167.57
2026-01-07 12:00,Norte,125.76,163.95,3,83.28,155.76
2026-01-07 13:00,Norte,153.68,180.82,5,100.24,203.68
2026-01-07 14:00,Sul,137.34,159.94,3,88.69,167.34
2026-01-07 15:00,Centro,64.32,164.01,3,26.3,94.32
2026-01-07 16:00,Oeste,57.8,170.79,1,33.64,67.8
2026-01-07 17:00,Oeste,81.39,179.35,2,40.52,101.39
2026-01-07 18:00,Norte,85.67,195.11,5,27.59,135.67
2026-01-07 19:00,Norte,91.29,172.18,4,74.76,131.29
2026-01-07 20:00,Centro,82.86,144.31,4,27.55,122.86
2026-01-07 21:00,Sul,72.86,179.24,4,55.08,112.86
2026-01-07 22:00,Oeste,98.58,167.9,3,55.49,128.58
2026-01-07 23:00,Sul,148.6,187.88,5,115.85,198.6
2026-01-08 00:00,Norte,98.45,162.31,4,35.04,138.45
2026-01-08 01:00,Leste,87.87,161.8,2,52.63,107.87
2026-01-08 02:00,Sul,80.05,159.33,4,71.1,120.05
2026-01-08 03:00,Centro,86.54,162.25,2,73.83,106.54
2026-01-08 04:00,Oeste,99.68,151.88,1,46.43,109.68
2026-01-08 05:00,Leste,76.44,182.31,3,60.57,106.44
2026-01-08 06:00,Oeste,92.86,131.73,5,83.51,142.86
2026-01-08 07:00,Centro,118.02,147.78,4,59.84,158.02
2026-01-08 08:00,Sul,101.97,145.45,3,83.79,131.97
2026-01-08 09:00,Oeste,83.59,155.23,4,27.27,123.59
2026-01-08 10:00,Sul,87.32,133.68,4,77.98,127.32
2026-01-08 11:00,Leste,93.14,160.12,5,81.89,143.14
2026-01-08 12:00,Oeste,134.78,137.7,4,48.5,174.78
2026-01-08 13:00,Leste,113.88,160.81,2,39.28,133.88
2026-01-08 14:00,Centro,79.72,179.57,1,64.65,89.72
2026-01-08 15:00,Norte,84.1,168.96,4,69.25,124.1
2026-01-08 16:00,Norte,86.47,152.62,3,77.69,116.47
2026-01-08 17:00,Leste,89.58,162.75,1,50.72,99.58
2026-01-08 18:00,Leste,186.3,157.38,1,88.68,283.08
2026-01-08 19:00,Sul,163.04,164.74,4,104.27,203.04
2026-01-08 20:00,Sul,184.89,165.33,4,124.21,283.55
2026-01-08 21:00,Leste,146.93,160.29,2,84.73,166.93
2026-01-08 22:00,Centro,64.12,165.59,4,53.91,104.12
2026-01-08 23:00,Leste,114.75,173.56,3,102.43,144.75
2026-01-09 00:00,Leste,83.12,147.92,3,47.72,113.12
2026-01-09 01:00,Oeste,107.73,174.04,4,39.21,147.73
2026-01-09 02:00,Oeste,70.59,151.43,3,22.11,100.59
2026-01-09 03:00,Oeste,95.05,179.15,1,80.45,105.05
2026-01-09 04:00,Leste,126.85,131.89,2,84.26,146.85
2026-01-09 05:00,Sul,103.14,169.56,3,72.89,133.14
2026-01-09 06:00,Oeste,62.57,136.6,1,30.37,72.57
2026-01-09 07:00,Leste,123.3,162.97,2,43.66,143.3
2026-01-09 08:00,Centro,87.99,173.77,2,33.37,107.99
2026-01-09 09:00,Sul,117.03,149.97,5,99.25,167.03
2026-01-09 10:00,Leste,97.96,187.96,4,86.24,137.96
2026-01-09 11:00,Norte,99.51,146.36,1,57.81,109.51
2026-01-09 12:00,Centro,141.29,190.24,4,124.39,181.29
2026-01-09 13:00,Norte,70.6,179.81,1,32.38,80.6
2026-01-09 14:00,Leste,64.13,166.28,3,41.73,94.13
2026-01-09 15:00,Centro,114.18,166.89,1,76.7,124.18
2026-01-09 16:00,Oeste,83.85,178.16,1,57.12,93.85
2026-01-09 17:00,Norte,117.86,153.14,4,43.61,157.86
2026-01-09 18:00,Sul,120.1,155.77,4,44.4,160.1
2026-01-09 19:00,Centro,110.25,154.73,4,57.62,150.25
2026-01-09 20:00,Norte,64.03,172.02,2,53.23,84.03
2026-01-09 21:00,Leste,117.35,142.06,3,37.51,147.35
2026-01-09 22:00,Norte,105.54,175.93,2,85.83,125.54
2026-01-09 23:00,Leste,123.75,158.28,3,41.62,153.75
2026-01-10 00:00,Sul,104.71,167.12,4,37.17,144.71
2026-01-10 01:00,Leste,78.79,144.28,1,26.03,88.79
2026-01-10 02:00,Centro,100.52,167.78,5,42.53,150.52
2026-01-10 03:00,Sul,104.64,170.09,2,52.02,124.64
2026-01-10 04:00,Sul,108.09,140.4,3,88.1,138.09
2026-01-10 05:00,Norte,131.07,158.54,2,47.97,151.07
2026-01-10 06:00,Norte,115.92,170.41,2,75.73,135.92
2026-01-10 07:00,Norte,103.76,164.37,4,63.88,143.76
2026-01-10 08:00,Oeste,57.11,163.87,5,37.47,107.11
2026-01-10 09:00,Centro,39.73,159.13,1,29.25,49.73
2026-01-10 10:00,Oeste,88.56,180.42,1,29.8,98.56
2026-01-10 11:00,Oeste,115.13,147.05,1,68.4,125.13
2026-01-10 12:00,Sul,109.19,162.74,5,42.47,159.19
2026-01-10 13:00,Oeste,94.46,180.98,5,68.7,144.46
2026-01-10 14:00,Oeste,130.73,159.38,4,78.87,170.73
2026-01-10 15:00,Sul,131.58,173.62,5,96.38,181.58
2026-01-10 16:00,Oeste,52.65,173.35,4,26.5,92.65
2026-01-10 17:00,Leste,67.48,174.42,3,37.52,97.48
2026-01-10 18:00,Norte,89.87,166.13,4,30.58,129.87
2026-01-10 19:00,Centro,109.39,163.74,3,86.1,139.39
2026-01-10 20:00,Norte,158.23,173.83,5,78.77,208.23
2026-01-10 21:00,Norte,56.93,176.22,4,46.73,96.93
2026-01-10 22:00,Centro,133.2,155.99,3,48.24,163.2
2026-01-10 23:00,Leste,108.48,181.34,2,87.69,128.48
2026-01-11 00:00,Oeste,113.5,148.14,3,73.14,143.5
2026-01-11 01:00,Centro,138.13,126.41,5,92.29,223.3
2026-01-11 02:00,Leste,156.73,165.67,3,49.74,186.73
2026-01-11 03:00,Sul,93.71,147.67,3,47.85,123.71
2026-01-11 04:00,Norte,122.1,145.85,4,41.73,162.1
2026-01-11 05:00,Leste,125.77,170.05,4,69.41,165.77
2026-01-11 06:00,Centro,111.87,170.83,3,85.71,141.87
2026-01-11 07:00,Centro,57.36,142.33,2,22.63,77.36
2026-01-11 08:00,Oeste,109.81,161.9,4,76.56,149.81
2026-01-11 09:00,Norte,79.78,150.33,2,60.07,99.78
2026-01-11 10:00,Leste,93.18,166.01,5,55.16,143.18
2026-01-11 11:00,Sul,124.06,164.24,5,41.3,174.06
2026-01-11 12:00,Leste,94.53,169.8,2,71.7,114.53
2026-01-11 13:00,Oeste,98.53,161.65,4,39.95,138.53
2026-01-11 14:00,Leste,82.3,157.79,5,65.84,132.3
2026-01-11 15:00,Oeste,144.72,173.06,1,81.29,154.72
2026-01-11 16:00,Oeste,143.78,145.81,5,80.17,193.78
2026-01-11 17:00,Leste,93.46,144.9,1,50.75,103.46
2026-01-11 18:00,Leste,128.62,192.13,4,102.8,168.62
2026-01-11 19:00,Oeste,141.02,175.22,2,79.17,161.02
2026-01-11 20:00,Sul,75.19,157.74,3,56.2,105.19
2026-01-11 21:00,Centro,92.44,167.89,5,62.85,142.44
2026-01-11 22:00,Sul,45.75,157.96,3,23.36,75.75
2026-01-11 23:00,Sul,101.21,168.41,2,40.9,121.21
2026-01-12 00:00,Oeste,102.34,138.15,2,89.12,122.34
2026-01-12 01:00,Centro,68.62,164.34,5,39.07,118.62
2026-01-12 02:00,Leste,54.3,125.56,3,44.45,84.3
2026-01-12 03:00,Leste,105.48,164.58,4,71.6,145.48
2026-01-12 04:00,Oeste,80.45,152.41,1,39.12,90.45
2026-01-12 05:00,Norte,123.31,163.37,3,42.67,153.31
2026-01-12 06:00,Norte,77.7,148.2,4,50.36,117.7
2026-01-12 07:00,Oeste,56.7,168.49,2,27.95,76.7
2026-01-12 08:00,Leste,37.12,159.68,4,13.44,77.12
2026-01-12 09:00,Oeste,110.43,159.3,2,35.72,130.43
2026-01-12 10:00,Leste,130.42,158.97,5,51.55,180.42
2026-01-12 11:00,Norte,121.53,152.68,3,85.96,151.53
2026-01-12 12:00,Centro,108.81,139.0,1,54.17,118.81
2026-01-12 13:00,Leste,91.11,148.96,5,75.07,141.11
2026-01-12 14:00,Oeste,132.17,170.85,3,64.25,162.17
2026-01-12 15:00,Oeste,127.07,177.07,1,61.73,137.07
2026-01-12 16:00,Centro,86.16,149.5,2,60.49,106.16
2026-01-12 17:00,Leste,131.01,172.38,5,67.75,181.01
2026-01-12 18:00,Oeste,77.79,194.37,3,67.57,107.79
2026-01-12 19:00,Norte,141.15,224.72,2,48.88,161.15
2026-01-12 20:00,Leste,68.89,159.1,5,22.23,118.89
2026-01-12 21:00,Sul,124.74,145.41,5,65.62,174.74
2026-01-12 22:00,Sul,116.17,180.91,5,91.24,166.17
2026-01-12 23:00,Sul,98.65,155.59,3,69.63,128.65
2026-01-13 00:00,Sul,133.71,156.09,4,58.89,173.71
2026-01-13 01:00,Sul,83.41,185.4,4,70.26,123.41
2026-01-13 02:00,Leste,59.11,186.85,4,34.1,99.11
2026-01-13 03:00,Sul,105.2,142.54,4,92.55,145.2
2026-01-13 04:00,Oeste,104.32,152.23,3,34.56,134.32
2026-01-13 05:00,Centro,122.36,146.44,1,88.93,132.36
2026-01-13 06:00,Centro,112.16,150.11,2,52.01,132.16
2026-01-13 07:00,Leste,116.12,172.86,2,91.74,136.12
2026-01-13 08:00,Sul,123.45,153.43,4,74.22,163.45
2026-01-13 09:00,Norte,92.21,164.06,2,29.22,112.21
2026-01-13 10:00,Leste,119.25,141.59,2,45.62,139.25
2026-01-13 11:00,Oeste,124.55,151.59,2,94.07,144.55
2026-01-13 12:00,Sul,97.57,160.49,1,30.38,107.57
2026-01-13 13:00,Norte,116.05,143.71,5,71.56,166.05
2026-01-13 14:00,Oeste,103.01,149.1,1,33.86,113.01
2026-01-13 15:00,Oeste,77.57,143.95,1,28.43,87.57
2026-01-13 16:00,Sul,96.26,158.44,5,62.09,146.26
2026-01-13 17:00,Oeste,99.64,160.81,3,44.27,129.64
2026-01-13 18:00,Norte,114.25,180.58,5,101.09,164.25
2026-01-13 19:00,Oeste,130.0,154.57,5,82.22,180.0
2026-01-13 20:00,Leste,105.22,156.8,4,93.5,145.22
2026-01-13 21:00,Norte,99.6,145.9,1,50.49,109.6
2026-01-13 22:00,Leste,105.49,135.77,3,40.09,135.49
2026-01-13 23:00,Oeste,56.08,152.16,2,44.77,76.08
2026-01-14 00:00,Norte,128.32,157.94,2,100.98,148.32
2026-01-14 01:00,Norte,87.31,124.84,1,41.56,97.31
2026-01-14 02:00,Centro,113.3,129.79,3,97.44,143.3
2026-01-14 03:00,Sul,63.12,176.46,4,28.53,103.12
2026-01-14 04:00,Leste,88.8,189.1,1,72.77,98.8
2026-01-14 05:00,Oeste,93.49,186.6,4,77.94,133.49
2026-01-14 06:00,Oeste,119.5,150.88,2,71.43,139.5
2026-01-14 07:00,Oeste,69.97,179.84,3,54.63,99.97
2026-01-14 08:00,Leste,129.87,169.69,2,81.46,149.87
2026-01-14 09:00,Centro,117.81,168.04,3,57.01,147.81
2026-01-14 10:00,Norte,96.95,151.13,4,49.54,136.95
2026-01-14 11:00,Leste,92.01,127.31,5,82.7,142.01
2026-01-14 12:00,Oeste,71.67,139.59,1,24.73,81.67
2026-01-14 13:00,Sul,70.65,180.41,2,61.58,90.65
2026-01-14 14:00,Norte,121.87,141.62,4,39.11,161.87
2026-01-14 15:00,Centro,103.16,181.51,3,54.65,133.16
2026-01-14 16:00,Leste,114.13,161.75,4,99.21,154.13
2026-01-14 17:00,Oeste,90.61,162.07,2,55.97,110.61
2026-01-14 18:00,Sul,92.05,171.15,1,29.04,102.05
2026-01-14 19:00,Leste,75.27,160.09,5,27.9,125.27
2026-01-14 20:00,Oeste,95.05,150.01,5,44.8,145.05
2026-01-14 21:00,Oeste,104.16,167.71,1,59.5,114.16
2026-01-14 22:00,Norte,145.59,159.53,3,102.02,175.59
2026-01-14 23:00,Sul,80.31,156.16,3,65.11,110.31
2026-01-15 00:00,Sul,108.08,142.79,1,96.31,118.08
2026-01-15 01:00,Leste,102.43,177.45,3,64.78,132.43
2026-01-15 02:00,Norte,30.12,168.71,2,20.09,50.12
2026-01-15 03:00,Oeste,123.07,166.07,4,75.74,163.07
2026-01-15 04:00,Oeste,104.35,154.74,3,71.52,134.35
2026-01-15 05:00,Centro,70.52,163.86,2,58.3,90.52
2026-01-15 06:00,Norte,89.88,152.68,2,50.3,109.88
2026-01-15 07:00,Leste,114.78,144.19,3,45.78,144.78
2026-01-15 08:00,Norte,116.39,155.73,5,97.41,166.39
2026-01-15 09:00,Leste,99.86,181.3,5,46.4,149.86
2026-01-15 10:00,Centro,91.67,155.62,2,60.05,111.67
2026-01-15 11:00,Centro,120.76,178.13,5,60.69,170.76
2026-01-15 12:00,Centro,148.26,167.67,1,48.52,158.26
2026-01-15 13:00,Norte,98.42,170.28,5,54.13,148.42
2026-01-15 14:00,Leste,64.88,160.26,3,44.46,94.88
2026-01-15 15:00,Norte,55.08,162.9,4,26.35,95.08
2026-01-15 16:00,Sul,94.48,151.85,4,55.8,134.48
2026-01-15 17:00,Leste,92.53,167.05,3,68.52,122.53
2026-01-15 18:00,Norte,193.08,158.78,3,117.58,325.98
2026-01-15 19:00,Sul,168.21,175.25,3,95.84,198.21
2026-01-15 20:00,Oeste,196.99,167.1,4,161.23,326.66
2026-01-15 21:00,Centro,180.54,190.03,2,142.28,200.54
2026-01-15 22:00,Centro,97.07,150.43,2,58.14,117.07
2026-01-15 23:00,Oeste,49.72,166.38,4,15.61,89.72
2026-01-16 00:00,Norte,34.83,158.66,2,22.64,54.83
2026-01-16 01:00,Norte,127.76,165.47,4,60.23,167.76
2026-01-16 02:00,Oeste,115.22,146.95,3,84.86,145.22
2026-01-16 03:00,Leste,83.16,171.32,5,52.98,133.16
2026-01-16 04:00,Centro,90.77,158.08,5,51.76,140.77
2026-01-16 05:00,Norte,86.05,204.31,5,31.95,136.05
2026-01-16 06:00,Leste,65.03,176.51,3,41.27,95.03
2026-01-16 07:00,Norte,100.52,150.01,5,54.36,150.52
2026-01-16 08:00,Centro,113.03,162.29,3,88.43,143.03
2026-01-16 09:00,Centro,67.11,165.47,5,25.76,117.11
2026-01-16 10:00,Leste,89.57,173.62,5,66.61,139.57
2026-01-16 11:00,Centro,75.26,150.09,5,46.62,125.26
2026-01-16 12:00,Norte,85.85,186.25,3,42.82,115.85
2026-01-16 13:00,Leste,132.83,157.5,1,87.42,142.83
2026-01-16 14:00,Norte,142.76,154.61,5,92.31,192.76
2026-01-16 15:00,Oeste,86.77,155.4,5,66.36,136.77
2026-01-16 16:00,Norte,122.63,178.15,1,78.92,132.63
2026-01-16 17:00,Sul,109.8,175.07,4,42.92,149.8
2026-01-16 18:00,Norte,63.49,173.83,4,52.29,103.49
2026-01-16 19:00,Oeste,91.71,142.56,5,45.4,141.71
2026-01-16 20:00,Centro,78.58,157.93,2,45.25,98.58
2026-01-16 21:00,Sul,87.18,171.73,3,58.07,117.18
2026-01-16 22:00,Leste,119.5,156.79,3,51.97,149.5
2026-01-16 23:00,Leste,105.18,136.77,4,51.56,145.18
2026-01-17 00:00,Centro,45.8,147.01,3,21.65,75.8
2026-01-17 01:00,Sul,89.13,146.87,4,70.5,129.13
2026-01-17 02:00,Oeste,94.82,171.96,1,48.15,104.82
2026-01-17 03:00,Centro,76.9,139.34,2,32.39,96.9
2026-01-17 04:00,Centro,95.75,179.1,3,36.61,125.75
2026-01-17 05:00,Centro,98.94,148.92,1,69.45,108.94
2026-01-17 06:00,Oeste,102.77,170.79,1,56.32,112.77
2026-01-17 07:00,Sul,134.63,175.2,1,118.3,144.63
2026-01-17 08:00,Sul,51.26,179.37,4,30.06,91.26
2026-01-17 09:00,Norte,100.76,147.66,3,69.28,130.76
2026-01-17 10:00,Sul,89.53,151.09,1,75.92,99.53
2026-01-17 11:00,Oeste,58.54,174.11,1,52.58,68.54
2026-01-17 12:00,Norte,103.79,150.64,3,85.74,133.79
2026-01-17 13:00,Centro,89.83,179.45,3,42.29,119.83
2026-01-17 14:00,Oeste,48.16,155.21,2,39.04,68.16
2026-01-17 15:00,Oeste,93.5,187.01,3,37.16,123.5
2026-01-17 16:00,Leste,76.25,140.83,1,56.58,86.25
2026-01-17 17:00,Oeste,61.69,149.57,2,41.12,81.69
2026-01-17 18:00,Norte,113.99,144.02,1,61.61,123.99
2026-01-17 19:00,Norte,105.48,167.57,3,90.87,135.48
2026-01-17 20:00,Leste,98.76,170.97,3,86.16,128.76
2026-01-17 21:00,Sul,71.67,150.31,3,49.61,101.67
2026-01-17 22:00,Centro,111.6,162.86,3,44.17,141.6
2026-01-17 23:00,Leste,146.31,145.42,3,104.49,178.95
2026-01-18 00:00,Oeste,88.11,167.84,2,51.71,108.11
2026-01-18 01:00,Oeste,99.51,139.54,4,71.77,139.51
2026-01-18 02:00,Centro,102.08,133.03,2,77.28,122.08
2026-01-18 03:00,Leste,107.22,155.57,4,66.14,147.22
2026-01-18 04:00,Centro,128.42,169.11,1,102.38,138.42
2026-01-18 05:00,Centro,109.18,177.77,2,54.25,129.18
2026-01-18 06:00,Centro,64.74,168.1,5,38.41,114.74
2026-01-18 07:00,Oeste,92.03,161.7,2,55.95,112.03
2026-01-18 08:00,Oeste,70.56,152.5,3,51.79,100.56
2026-01-18 09:00,Norte,99.95,161.17,2,64.66,119.95
2026-01-18 10:00,Norte,65.56,170.74,5,58.77,115.56
2026-01-18 11:00,Sul,128.15,158.53,3,69.88,158.15
2026-01-18 12:00,Oeste,106.87,118.68,4,56.07,146.87
2026-01-18 13:00,Centro,47.1,170.64,4,24.74,87.1
2026-01-18 14:00,Centro,133.27,182.07,1,54.25,143.27
2026-01-18 15:00,Norte,89.79,164.87,2,71.91,109.79
2026-01-18 16:00,Oeste,127.62,157.75,5,70.76,177.62
2026-01-18 17:00,Sul,108.39,149.87,3,42.6,138.39
2026-01-18 18:00,Oeste,137.11,150.76,1,43.78,147.11
2026-01-18 19:00,Norte,55.98,136.74,1,24.88,65.98
2026-01-18 20:00,Norte,105.26,162.32,5,74.02,155.26
2026-01-18 21:00,Sul,100.25,164.51,4,44.17,140.25
2026-01-18 22:00,Leste,101.19,134.06,2,60.95,121.19
2026-01-18 23:00,Centro,105.53,193.25,5,51.85,155.53
2026-01-19 00:00,Sul,106.52,132.57,2,51.24,126.52
2026-01-19 01:00,Norte,130.22,158.37,4,62.55,170.22
2026-01-19 02:00,Oeste,68.64,153.0,2,46.37,88.64
2026-01-19 03:00,Oeste,92.72,158.4,3,80.2,122.72
2026-01-19 04:00,Leste,104.89,147.19,4,57.16,144.89
2026-01-19 05:00,Sul,70.11,177.61,4,31.17,110.11
2026-01-19 06:00,Centro,87.71,182.34,4,74.45,127.71
2026-01-19 07:00,Sul,77.86,168.12,5,29.62,127.86
2026-01-19 08:00,Leste,99.3,173.42,1,84.73,109.3
2026-01-19 09:00,Oeste,133.56,173.22,2,44.2,153.56
2026-01-19 10:00,Centro,84.32,141.91,1,34.82,94.32
2026-01-19 11:00,Leste,94.86,141.06,4,40.35,134.86
2026-01-19 12:00,Norte,82.05,191.02,2,70.75,102.05
2026-01-19 13:00,Sul,99.18,134.87,2,71.15,119.18
2026-01-19 14:00,Oeste,85.27,166.71,3,65.26,115.27
2026-01-19 15:00,Centro,64.65,164.57,3,29.54,94.65
2026-01-19 16:00,Leste,120.75,148.72,4,91.4,160.75
2026-01-19 17:00,Sul,120.66,152.6,4,39.51,160.66
2026-01-19 18:00,Centro,99.75,157.29,5,85.87,149.75
2026-01-19 19:00,Oeste,96.08,147.68,2,47.84,116.08
2026-01-19 20:00,Leste,83.0,155.22,5,57.5,133.0
2026-01-19 21:00,Leste,97.86,187.82,4,56.42,137.86
2026-01-19 22:00,Centro,119.39,180.93,4,49.0,159.39
2026-01-19 23:00,Norte,162.65,157.71,5,52.1,227.48
2026-01-20 00:00,Sul,134.96,152.48,1,73.88,144.96
2026-01-20 01:00,Leste,113.02,163.56,2,68.2,133.02
2026-01-20 02:00,Oeste,133.09,167.93,5,112.81,183.09
2026-01-20 03:00,Centro,130.67,161.82,4,40.13,170.67
2026-01-20 04:00,Oeste,94.62,141.7,3,29.36,124.62
2026-01-20 05:00,Centro,118.95,129.13,1,101.21,128.95
2026-01-20 06:00,Leste,109.68,167.88,5,49.52,159.68
2026-01-20 07:00,Oeste,97.27,175.0,3,85.17,127.27
2026-01-20 08:00,Norte,30.19,141.87,2,14.49,50.19
2026-01-20 09:00,Oeste,71.9,135.61,1,25.6,81.9
2026-01-20 10:00,Norte,79.63,171.89,1,57.47,89.63
2026-01-20 11:00,Norte,73.33,160.01,3,46.9,103.33
2026-01-20 12:00,Centro,144.26,139.35,2,61.58,179.0
2026-01-20 13:00,Leste,92.37,160.71,1,65.64,102.37
2026-01-20 14:00,Leste,125.96,148.58,1,51.34,135.96
2026-01-20 15:00,Oeste,116.95,161.0,2,87.87,136.95
2026-01-20 16:00,Oeste,119.01,154.53,5,52.88,169.01
2026-01-20 17:00,Sul,86.2,143.22,4,64.94,126.2
2026-01-20 18:00,Leste,109.62,137.8,1,65.83,119.62
2026-01-20 19:00,Centro,125.29,165.32,1,63.19,135.29
2026-01-20 20:00,Leste,124.13,155.78,3,39.45,154.13
2026-01-20 21:00,Oeste,105.72,143.95,2,54.29,125.72
2026-01-20 22:00,Centro,65.68,169.4,4,23.08,105.68
2026-01-20 23:00,Sul,94.71,170.83,1,33.07,104.71
2026-01-21 00:00,Leste,68.1,177.97,2,50.65,88.1
2026-01-21 01:00,Leste,92.98,165.05,3,52.71,122.98
2026-01-21 02:00,Centro,108.56,163.84,4,61.8,148.56
2026-01-21 03:00,Norte,88.36,159.45,1,45.27,98.36
2026-01-21 04:00,Oeste,64.08,144.97,4,19.7,104.08
2026-01-21 05:00,Sul,91.99,164.09,5,77.56,141.99
2026-01-21 06:00,Leste,86.29,156.0,4,34.66,126.29
2026-01-21 07:00,Leste,90.8,176.59,1,36.35,100.8
2026-01-21 08:00,Sul,74.69,168.21,1,38.59,84.69
2026-01-21 09:00,Norte,94.68,142.74,5,39.51,144.68
2026-01-21 10:00,Centro,101.92,161.31,4,50.89,141.92
2026-01-21 11:00,Centro,63.74,180.46,4,31.92,103.74
2026-01-21 12:00,Sul,114.42,169.96,2,67.21,134.42
2026-01-21 13:00,Oeste,164.19,151.28,3,121.65,232.9
2026-01-21 14:00,Oeste,142.74,154.73,3,75.03,172.74
2026-01-21 15:00,Centro,61.65,186.09,2,40.4,81.65
2026-01-21 16:00,Oeste,118.2,183.18,1,103.05,128.2
2026-01-21 17:00,Norte,116.06,156.39,3,92.71,146.06
2026-01-21 18:00,Sul,118.71,135.74,4,83.54,158.71
2026-01-21 19:00,Oeste,87.55,151.7,2,63.83,107.55
2026-01-21 20:00,Centro,168.36,180.56,4,109.32,208.36
2026-01-21 21:00,Leste,43.81,158.6,4,27.43,83.81
2026-01-21 22:00,Norte,86.32,133.82,5,58.95,136.32
2026-01-21 23:00,Centro,114.6,167.19,3,45.82,144.6
2026-01-22 00:00,Leste,168.93,171.82,4,148.67,208.93
2026-01-22 01:00,Sul,125.91,156.6,1,45.22,135.91
2026-01-22 02:00,Sul,69.83,158.78,5,49.76,119.83
2026-01-22 03:00,Sul,76.53,164.99,5,54.66,126.53
2026-01-22 04:00,Norte,96.87,162.77,1,46.23,106.87
2026-01-22 05:00,Leste,144.31,183.76,2,73.45,164.31
2026-01-22 06:00,Norte,83.65,162.83,4,42.57,123.65
2026-01-22 07:00,Norte,64.26,168.78,3,21.87,94.26
2026-01-22 08:00,Sul,104.56,153.11,3,72.02,134.56
2026-01-22 09:00,Sul,137.15,149.5,5,55.5,187.15
2026-01-22 10:00,Oeste,87.16,173.81,4,38.27,127.16
2026-01-22 11:00,Centro,88.99,152.99,4,47.82,128.99
2026-01-22 12:00,Sul,120.27,149.01,4,64.14,160.27
2026-01-22 13:00,Centro,111.46,184.1,1,72.05,121.46
2026-01-22 14:00,Oeste,108.57,172.29,4,39.99,148.57
2026-01-22 15:00,Oeste,64.85,156.29,5,34.58,114.85
2026-01-22 16:00,Leste,80.25,152.79,4,53.8,120.25
2026-01-22 17:00,Sul,129.13,150.2,2,63.0,149.13
2026-01-22 18:00,Oeste,174.58,168.97,2,105.88,211.42
2026-01-22 19:00,Centro,153.12,148.83,4,63.0,206.01
2026-01-22 20:00,Oeste,167.48,139.75,2,106.0,270.64
2026-01-22 21:00,Leste,176.11,169.37,4,118.29,236.34
2026-01-22 22:00,Centro,127.48,154.85,2,100.6,147.48
2026-01-22 23:00,Oeste,70.8,159.4,4,38.89,110.8
2026-01-23 00:00,Sul,89.64,160.44,1,69.7,99.64
2026-01-23 01:00,Oeste,94.76,171.61,5,44.84,144.76
2026-01-23 02:00,Norte,60.59,149.65,4,38.16,100.59
2026-01-23 03:00,Leste,82.28,154.77,5,65.33,132.28
2026-01-23 04:00,Oeste,59.42,153.41,4,37.3,99.42
2026-01-23 05:00,Norte,137.65,176.94,2,65.89,157.65
2026-01-23 06:00,Norte,78.0,164.31,1,43.95,88.0
2026-01-23 07:00,Centro,102.95,149.11,5,73.45,152.95
2026-01-23 08:00,Sul,89.88,153.31,2,69.29,109.88
2026-01-23 09:00,Centro,111.09,141.68,5,52.06,161.09
2026-01-23 10:00,Leste,134.1,196.33,3,63.51,164.1
2026-01-23 11:00,Oeste,128.72,154.69,1,49.09,138.72
2026-01-23 12:00,Sul,168.23,137.08,2,121.27,281.66
2026-01-23 13:00,Oeste,100.08,183.65,2,75.75,120.08
2026-01-23 14:00,Oeste,67.26,161.3,3,45.51,97.26
2026-01-23 15:00,Leste,66.17,166.32,1,35.85,76.17
2026-01-23 16:00,Leste,82.56,131.11,4,71.84,122.56
2026-01-23 17:00,Oeste,56.14,145.11,1,41.46,66.14
2026-01-23 18:00,Oeste,74.41,142.62,1,57.85,84.41
2026-01-23 19:00,Leste,105.32,175.57,2,62.86,125.32
2026-01-23 20:00,Oeste,110.73,148.0,5,41.89,160.73
2026-01-23 21:00,Oeste,112.63,129.13,1,36.89,122.63
2026-01-23 22:00,Norte,157.27,163.53,2,88.82,177.27
2026-01-23 23:00,Leste,126.38,159.19,2,104.81,146.38
2026-01-24 00:00,Leste,131.44,189.3,3,46.79,161.44
2026-01-24 01:00,Leste,99.94,174.46,2,33.09,119.94
2026-01-24 02:00,Norte,93.7,135.12,4,64.96,133.7
2026-01-24 03:00,Centro,128.46,160.12,2,84.29,148.46
2026-01-24 04:00,Oeste,98.55,158.15,3,77.88,128.55
2026-01-24 05:00,Norte,90.19,143.95,2,47.78,110.19
2026-01-24 06:00,Sul,119.07,168.67,3,45.52,149.07
2026-01-24 07:00,Norte,76.33,142.48,1,47.19,86.33
2026-01-24 08:00,Sul,88.49,154.26,3,64.9,118.49
2026-01-24 09:00,Norte,130.3,149.99,4,106.32,170.3
2026-01-24 10:00,Oeste,110.93,155.02,1,72.52,120.93
2026-01-24 11:00,Norte,84.23,172.76,2,37.79,104.23
2026-01-24 12:00,Norte,100.39,180.33,5,47.28,150.39
2026-01-24 13:00,Centro,121.14,142.04,3,51.28,151.14
2026-01-24 14:00,Sul,58.58,158.51,3,40.28,88.58
2026-01-24 15:00,Norte,87.78,160.24,4,59.94,127.78
2026-01-24 16:00,Sul,32.14,152.69,3,27.65,62.14
2026-01-24 17:00,Sul,63.8,178.71,4,33.13,103.8
2026-01-24 18:00,Norte,104.96,122.84,1,32.54,114.96
2026-01-24 19:00,Oeste,117.36,160.91,1,102.01,127.36
2026-01-24 20:00,Oeste,64.85,159.12,5,49.3,114.85
2026-01-24 21:00,Sul,96.91,154.06,5,60.33,146.91
2026-01-24 22:00,Sul,96.3,172.73,5,82.1,146.3
2026-01-24 23:00,Oeste,75.76,156.62,1,36.83,85.76
2026-01-25 00:00,Oeste,93.92,131.19,1,41.95,103.92
2026-01-25 01:00,Sul,125.67,173.75,1,61.02,135.67
2026-01-25 02:00,Leste,128.69,176.05,1,51.26,138.69
2026-01-25 03:00,Sul,56.76,156.22,3,22.71,86.76
2026-01-25 04:00,Norte,99.93,129.5,1,76.23,109.93
2026-01-25 05:00,Centro,86.52,173.67,5,29.27,136.52
2026-01-25 06:00,Oeste,79.63,147.38,5,41.1,129.63
2026-01-25 07:00,Norte,109.58,152.99,2,49.65,129.58
2026-01-25 08:00,Centro,129.48,146.15,1,56.59,139.48
2026-01-25 09:00,Oeste,149.45,160.48,1,66.76,159.45
2026-01-25 10:00,Norte,63.09,185.45,2,54.18,83.09
2026-01-25 11:00,Sul,47.66,149.17,4,20.72,87.66
2026-01-25 12:00,Centro,65.49,172.03,3,52.11,95.49
2026-01-25 13:00,Centro,79.41,172.7,1,32.37,89.41
2026-01-25 14:00,Leste,161.63,155.66,1,133.54,189.55
2026-01-25 15:00,Norte,103.18,147.2,1,65.19,113.18
2026-01-25 16:00,Sul,85.89,169.14,3,63.88,115.89
2026-01-25 17:00,Sul,67.39,164.51,4,60.57,107.39
2026-01-25 18:00,Oeste,96.54,141.25,2,37.68,116.54
2026-01-25 19:00,Norte,130.87,162.8,1,113.94,140.87
2026-01-25 20:00,Centro,101.36,145.45,3,36.73,131.36
2026-01-25 21:00,Sul,125.94,158.34,1,111.27,135.94
2026-01-25 22:00,Centro,97.36,153.56,2,81.63,117.36
2026-01-25 23:00,Norte,54.59,176.56,4,48.3,94.59
2026-01-26 00:00,Centro,74.07,151.35,4,25.55,114.07
2026-01-26 01:00,Leste,134.06,168.43,2,59.26,154.06
2026-01-26 02:00,Leste,133.8,132.42,4,96.39,177.94
2026-01-26 03:00,Sul,91.74,170.87,1,79.46,101.74
2026-01-26 04:00,Oeste,106.2,140.46,2,38.59,126.2
2026-01-26 05:00,Sul,75.04,163.24,5,38.64,125.04
2026-01-26 06:00,Leste,73.37,164.98,1,25.99,83.37
2026-01-26 07:00,Leste,117.84,139.44,1,50.55,127.84
2026-01-26 08:00,Norte,123.49,178.98,3,66.41,153.49
2026-01-26 09:00,Oeste,91.43,149.55,2,29.13,111.43
2026-01-26 10:00,Oeste,119.46,144.87,5,53.75,169.46
2026-01-26 11:00,Sul,135.63,175.93,1,41.66,145.63
2026-01-26 12:00,Norte,131.73,180.46,3,93.76,161.73
2026-01-26 13:00,Norte,83.18,154.26,1,26.04,93.18
2026-01-26 14:00,Leste,111.62,180.46,2,39.64,131.62
2026-01-26 15:00,Centro,142.87,184.94,1,57.26,152.87
2026-01-26 16:00,Oeste,63.35,169.82,4,20.13,103.35
2026-01-26 17:00,Oeste,108.1,169.23,2,50.27,128.1
2026-01-26 18:00,Leste,104.94,157.34,5,70.33,154.94
2026-01-26 19:00,Leste,48.24,160.22,4,16.24,88.24
2026-01-26 20:00,Centro,80.67,170.49,5,36.26,130.67
2026-01-26 21:00,Oeste,120.96,116.55,3,71.1,164.21
2026-01-26 22:00,Sul,82.01,176.09,3,43.72,112.01
2026-01-26 23:00,Leste,133.26,163.3,1,111.6,143.26
2026-01-27 00:00,Centro,172.05,176.68,5,88.51,222.05
2026-01-27 01:00,Sul,167.54,159.9,1,75.18,200.44
2026-01-27 02:00,Sul,95.23,187.46,1,72.22,105.23
2026-01-27 03:00,Sul,36.71,140.44,4,18.83,76.71
2026-01-27 04:00,Norte,115.0,177.97,3,97.57,145.0
2026-01-27 05:00,Centro,93.29,146.63,5,59.53,143.29
2026-01-27 06:00,Sul,145.11,150.9,4,90.73,185.11
2026-01-27 07:00,Norte,89.15,160.39,2,58.93,109.15
2026-01-27 08:00,Sul,99.09,159.91,5,41.7,149.09
2026-01-27 09:00,Sul,91.56,167.89,3,30.74,121.56
2026-01-27 10:00,Leste,52.25,142.66,1,42.21,62.25
2026-01-27 11:00,Leste,123.44,156.44,4,80.44,163.44
2026-01-27 12:00,Oeste,95.67,167.7,2,70.74,115.67
2026-01-27 13:00,Centro,116.53,123.15,3,47.14,146.53
2026-01-27 14:00,Centro,80.04,127.66,3,34.73,110.04
2026-01-27 15:00,Norte,109.6,146.56,3,41.26,139.6
2026-01-27 16:00,Centro,157.8,148.44,4,127.89,225.9
2026-01-27 17:00,Centro,133.25,164.12,5,57.64,183.25
2026-01-27 18:00,Sul,123.23,170.69,3,92.08,153.23
2026-01-27 19:00,Leste,87.46,170.8,1,69.36,97.46
2026-01-27 20:00,Leste,81.47,163.88,2,58.32,101.47
2026-01-27 21:00,Oeste,99.5,167.17,1,32.72,109.5
2026-01-27 22:00,Oeste,92.8,120.68,4,55.3,132.8
2026-01-27 23:00,Centro,85.59,171.71,4,66.18,125.59
2026-01-28 00:00,Norte,77.79,141.42,2,44.4,97.79
2026-01-28 01:00,Sul,93.9,172.62,1,32.35,103.9
2026-01-28 02:00,Norte,111.29,154.25,1,69.91,121.29
2026-01-28 03:00,Oeste,61.88,197.08,4,44.72,101.88
2026-01-28 04:00,Norte,114.04,156.81,4,44.96,154.04
2026-01-28 05:00,Centro,66.98,195.45,4,48.12,106.98
2026-01-28 06:00,Oeste,98.05,172.14,2,35.06,118.05
2026-01-28 07:00,Norte,56.93,147.49,2,18.94,76.93
2026-01-28 08:00,Norte,81.24,165.51,5,47.78,131.24
2026-01-28 09:00,Oeste,115.1,161.48,3,102.01,145.1
2026-01-28 10:00,Leste,111.93,149.29,4,65.21,151.93
2026-01-28 11:00,Oeste,126.34,170.19,2,66.03,146.34
2026-01-28 12:00,Leste,81.48,171.92,3,45.94,111.48
2026-01-28 13:00,Norte,102.94,171.73,1,40.22,112.94
2026-01-28 14:00,Centro,119.7,167.06,5,65.64,169.7
2026-01-28 15:00,Oeste,101.25,165.27,4,80.09,141.25
2026-01-28 16:00,Sul,137.22,155.1,4,88.32,177.22
2026-01-28 17:00,Centro,89.97,160.9,1,54.1,99.97
2026-01-28 18:00,Oeste,111.72,138.56,5,43.4,161.72
2026-01-28 19:00,Sul,133.58,198.28,2,104.87,153.58
2026-01-28 20:00,Sul,109.74,161.61,4,46.22,149.74
2026-01-28 21:00,Centro,109.74,150.0,1,38.65,119.74
2026-01-28 22:00,Norte,82.25,168.01,3,50.32,112.25
2026-01-28 23:00,Norte,107.95,139.6,5,83.01,157.95
2026-01-01 00:00,Norte,87.84,164.35,5,57.06,137.84
2026-01-01 01:00,Centro,128.64,151.23,1,99.24,138.64
2026-01-01 02:00,Oeste,137.4,138.96,3,72.8,167.4
2026-01-01 03:00,Sul,74.55,152.58,2,34.68,94.55
2026-01-01 04:00,Leste,72.17,144.67,4,23.33,112.17
2026-01-01 05:00,Leste,97.1,155.56,4,82.78,137.1
2026-01-01 06:00,Oeste,145.73,163.51,3,70.91,175.73
2026-01-01 07:00,Oeste,123.89,142.28,2,47.16,143.89
2026-01-01 08:00,Norte,103.31,146.95,4,68.49,143.31
2026-01-01 09:00,Centro,106.55,169.56,4,79.33,146.55
2026-01-01 10:00,Norte,131.14,139.38,5,101.62,181.14
2026-01-01 11:00,Centro,88.86,176.54,2,68.27,108.86
2026-01-01 12:00,Sul,104.4,157.5,2,86.14,124.4
2026-01-01 13:00,Leste,109.84,150.29,4,36.29,149.84
2026-01-01 14:00,Norte,94.37,148.48,4,56.91,134.37
2026-01-01 15:00,Sul,92.2,149.86,4,60.52,132.2
2026-01-01 16:00,Sul,127.49,155.82,5,65.0,177.49
2026-01-01 17:00,Oeste,110.12,150.11,1,51.87,120.12
2026-01-01 18:00,Sul,226.66,169.03,2,184.56,419.56
2026-01-01 19:00,Norte,171.31,149.33,4,104.15,277.27
2026-01-01 20:00,Norte,166.86,161.29,2,110.24,203.54
2026-01-01 21:00,Leste,185.62,180.26,3,135.06,231.68
2026-01-01 22:00,Sul,78.43,166.72,3,45.13,108.43
2026-01-01 23:00,Norte,63.22,164.69,5,34.03,113.22
2026-01-02 00:00,Centro,196.52,162.68,3,125.16,328.05
2026-01-02 01:00,Leste,83.7,152.01,1,49.3,93.7
2026-01-02 02:00,Leste,135.67,158.43,3,61.96,165.67
2026-01-02 03:00,Centro,111.4,176.76,2,93.55,131.4
2026-01-02 04:00,Oeste,81.92,167.46,2,60.03,101.92
2026-01-02 05:00,Norte,119.37,159.82,4,64.79,159.37
2026-01-02 06:00,Sul,29.76,135.78,2,15.06,49.76
2026-01-02 07:00,Leste,86.11,140.3,4,72.67,126.11
2026-01-02 08:00,Norte,51.74,158.67,5,21.15,101.74
2026-01-02 09:00,Sul,59.6,164.5,5,45.16,109.6
2026-01-02 10:00,Sul,150.65,149.47,1,65.28,164.18
2026-01-02 11:00,Centro,99.22,147.16,3,51.89,129.22
2026-01-02 12:00,Centro,86.66,188.17,4,28.79,126.66
2026-01-02 13:00,Centro,69.53,149.9,4,57.96,109.53
2026-01-02 14:00,Norte,127.57,175.5,5,61.11,177.57
2026-01-02 15:00,Centro,109.84,153.78,2,55.54,129.84
2026-01-02 16:00,Sul,157.42,132.52,2,77.11,252.14
2026-01-02 17:00,Norte,105.23,142.94,2,51.36,125.23
2026-01-02 18:00,Sul,119.98,160.36,2,77.48,139.98
2026-01-02 19:00,Oeste,57.63,161.67,1,21.76,67.63
2026-01-02 20:00,Norte,83.02,148.66,4,44.0,123.02
2026-01-02 21:00,Centro,60.42,154.88,1,50.46,70.42
2026-01-02 22:00,Leste,113.7,180.99,2,49.55,133.7
2026-01-02 23:00,Sul,95.57,166.46,5,62.43,145.57
2026-01-03 00:00,Centro,107.01,161.83,3,61.38,137.01
2026-01-03 01:00,Oeste,81.34,152.25,2,41.13,101.34
2026-01-03 02:00,Sul,89.76,167.5,4,27.96,129.76
2026-01-03 03:00,Sul,98.1,152.13,1,64.14,108.1
2026-01-03 04:00,Leste,128.18,176.52,1,67.31,138.18
2026-01-03 05:00,Norte,104.65,139.23,5,93.85,154.65
2026-01-03 06:00,Oeste,97.16,157.54,1,53.44,107.16
2026-01-03 07:00,Norte,113.61,168.02,2,48.09,133.61
2026-01-03 08:00,Centro,88.38,180.95,5,40.83,138.38
2026-01-03 09:00,Centro,92.06,145.12,1,55.88,102.06
2026-01-03 10:00,Centro,109.09,164.98,1,65.3,119.09
2026-01-03 11:00,Leste,106.06,171.14,5,93.75,156.06
2026-01-03 12:00,Sul,93.97,147.98,1,59.09,103.97
2026-01-03 13:00,Norte,89.17,144.11,2,26.9,109.17
2026-01-03 14:00,Norte,139.58,144.27,4,54.36,179.58
2026-01-03 15:00,Sul,101.82,154.18,1,85.82,111.82
2026-01-03 16:00,Norte,33.74,171.08,3,19.52,63.74
2026-01-03 17:00,Leste,119.68,131.84,3,61.77,149.68
2026-01-03 18:00,Sul,88.91,163.34,1,27.19,98.91
2026-01-03 19:00,Centro,92.08,152.15,3,77.05,122.08
2026-01-03 20:00,Sul,95.34,184.22,3,75.22,125.34
2026-01-03 21:00,Oeste,119.08,169.95,4,55.15,159.08
2026-01-03 22:00,Sul,89.49,144.1,4,61.68,129.49
2026-01-03 23:00,Sul,129.26,175.1,1,114.9,139.26
2026-01-04 00:00,Oeste,143.74,180.02,4,112.32,183.74
2026-01-04 01:00,Sul,110.23,173.31,3,73.5,140.23
2026-01-04 02:00,Norte,71.23,161.84,4,40.2,111.23
2026-01-04 03:00,Centro,98.42,172.99,5,74.85,148.42
2026-01-04 04:00,Centro,97.08,149.46,3,59.36,127.08
2026-01-04 05:00,Oeste,130.41,172.44,2,76.83,150.41
2026-01-04 06:00,Sul,127.82,182.57,5,42.53,177.82
2026-01-04 07:00,Norte,71.88,159.41,4,59.06,111.88
2026-01-04 08:00,Norte,100.2,146.81,3,88.38,130.2
2026-01-04 09:00,Sul,68.41,159.17,4,37.08,108.41
2026-01-04 10:00,Oeste,123.84,167.73,5,70.45,173.84
2026-01-04 11:00,Norte,88.12,162.46,4,65.84,128.12
2026-01-04 12:00,Norte,120.6,169.3,5,75.91,170.6
2026-01-04 13:00,Centro,116.67,122.78,3,97.31,146.67
2026-01-04 14:00,Norte,109.99,181.56,3,56.98,139.99
2026-01-04 15:00,Centro,119.59,133.56,3,76.07,149.59
2026-01-04 16:00,Norte,67.87,146.0,3,49.52,97.87
2026-01-04 17:00,Leste,130.01,172.64,1,65.63,140.01
2026-01-04 18:00,Sul,76.89,155.72,1,25.18,86.89
2026-01-04 19:00,Centro,53.62,161.33,4,19.53,93.62
2026-01-04 20:00,Sul,104.23,167.17,4,44.75,144.23
2026-01-04 21:00,Centro,97.53,152.99,4,31.98,137.53
2026-01-04 22:00,Centro,137.69,182.11,4,95.71,177.69
2026-01-04 23:00,Centro,119.48,173.2,5,88.62,169.48
2026-01-05 00:00,Sul,143.87,148.67,4,122.96,183.87
2026-01-05 01:00,Centro,94.48,151.35,2,34.21,114.48
2026-01-05 02:00,Centro,82.69,151.82,4,45.58,122.69
2026-01-05 03:00,Leste,136.6,147.18,3,73.59,166.6
2026-01-05 04:00,Centro,126.98,156.96,2,48.62,146.98
2026-01-05 05:00,Centro,87.17,136.3,3,70.24,117.17
2026-01-05 06:00,Sul,125.27,141.83,5,85.13,175.27
2026-01-05 07:00,Sul,109.91,182.99,3,93.72,139.91
2026-01-05 08:00,Leste,135.98,157.46,2,81.91,155.98
2026-01-05 09:00,Centro,89.58,135.41,5,52.69,139.58
2026-01-05 10:00,Oeste,136.82,151.68,5,64.52,186.82
2026-01-05 11:00,Norte,110.89,142.97,1,58.61,120.89
2026-01-05 12:00,Leste,91.98,151.21,2,81.87,111.98
2026-01-05 13:00,Centro,105.42,164.27,3,44.53,135.42
2026-01-05 14:00,Centro,144.91,165.55,1,97.04,154.91
2026-01-05 15:00,Centro,127.2,141.45,5,67.84,177.2
2026-01-05 16:00,Norte,109.58,133.76,3,78.43,139.58
2026-01-05 17:00,Norte,122.16,153.38,3,107.44,152.16
2026-01-05 18:00,Oeste,118.96,160.93,5,97.7,168.96
2026-01-05 19:00,Centro,126.52,131.05,3,95.28,156.52
2026-01-05 20:00,Sul,98.8,150.1,2,47.08,118.8
2026-01-05 21:00,Norte,109.78,159.39,2,81.35,129.78
2026-01-05 22:00,Sul,81.04,171.06,5,37.16,131.04
2026-01-05 23:00,Sul,83.43,154.2,3,48.37,113.43
2026-01-06 00:00,Centro,155.64,168.56,5,51.44,205.64
2026-01-06 01:00,Norte,111.69,149.41,5,70.38,161.69
2026-01-06 02:00,Centro,104.64,147.18,2,91.48,124.64
2026-01-06 03:00,Oeste,126.97,167.39,4,79.47,166.97
2026-01-06 04:00,Leste,114.81,165.79,2,80.14,134.81
2026-01-06 05:00,Centro,88.74,168.08,5,54.87,138.74
2026-01-06 06:00,Leste,131.46,122.18,1,48.49,169.31
2026-01-06 07:00,Sul,48.94,170.88,5,41.66,98.94
2026-01-06 08:00,Norte,136.62,154.2,3,72.25,166.62
2026-01-06 09:00,Centro,76.51,172.29,3,24.09,106.51
2026-01-06 10:00,Norte,110.61,146.93,5,62.75,160.61
2026-01-06 11:00,Norte,89.56,180.86,3,54.48,119.56
2026-01-06 12:00,Norte,131.03,192.59,5,81.23,181.03
2026-01-06 13:00,Oeste,108.59,180.5,2,88.94,128.59
2026-01-06 14:00,Norte,108.69,151.26,4,74.78,148.69
2026-01-06 15:00,Norte,99.72,151.33,4,72.81,139.72
2026-01-06 16:00,Centro,107.12,162.62,3,68.01,137.12
2026-01-06 17:00,Oeste,123.92,130.29,4,66.03,163.92
2026-01-06 18:00,Centro,95.79,161.13,1,59.47,105.79
2026-01-06 19:00,Norte,138.16,169.61,1,99.55,148.16
2026-01-06 20:00,Leste,81.49,173.83,3,62.92,111.49
2026-01-06 21:00,Norte,84.06,152.43,4,44.46,124.06
2026-01-06 22:00,Centro,69.54,163.01,2,52.02,89.54
2026-01-06 23:00,Leste,90.11,180.43,3,63.65,120.11
2026-01-07 00:00,Norte,103.61,159.41,5,39.87,153.61
2026-01-07 01:00,Norte,133.67,160.64,5,84.02,183.67
2026-01-07 02:00,Centro,86.01,183.46,3,36.73,116.01
2026-01-07 03:00,Sul,109.97,167.46,5,88.07,159.97
2026-01-07 04:00,Centro,128.02,174.75,5,103.87,178.02
2026-01-07 05:00,Leste,69.35,164.57,3,48.76,99.35
2026-01-07 06:00,Leste,132.79,173.96,4,115.65,172.79
2026-01-07 07:00,Norte,125.28,175.79,1,59.02,135.28
2026-01-07 08:00,Leste,117.7,152.3,4,58.5,157.7
2026-01-07 09:00,Leste,95.0,151.91,5,49.28,145.0
2026-01-07 10:00,Sul,114.68,157.66,3,51.34,144.68
2026-01-07 11:00,Sul,91.58,139.14,3,73.64,121.58
2026-01-07 12:00,Leste,90.39,147.83,4,52.22,130.39
2026-01-07 13:00,Centro,104.48,142.88,1,42.36,114.48
2026-01-07 14:00,Sul,117.66,166.0,2,98.22,137.66
2026-01-07 15:00,Norte,95.67,191.17,1,70.46,105.67
2026-01-07 16:00,Centro,120.69,142.82,5,78.13,170.69
2026-01-07 17:00,Centro,101.58,163.99,3,63.6,131.58
2026-01-07 18:00,Centro,57.47,164.52,3,30.77,87.47
2026-01-07 19:00,Norte,97.82,147.63,4,58.76,137.82
2026-01-07 20:00,Centro,76.47,170.7,2,61.85,96.47
2026-01-07 21:00,Sul,83.09,136.89,2,47.17,103.09
2026-01-07 22:00,Oeste,70.47,152.15,2,52.26,90.47
2026-01-07 23:00,Leste,106.66,158.39,4,46.83,146.66
2026-01-08 00:00,Leste,94.96,163.25,2,57.99,114.96
2026-01-08 01:00,Leste,57.36,181.69,1,18.58,67.36
2026-01-08 02:00,Leste,152.38,183.82,3,122.04,182.38
2026-01-08 03:00,Leste,71.4,150.76,4,49.42,111.4
2026-01-08 04:00,Oeste,54.46,143.21,1,33.22,64.46
2026-01-08 05:00,Leste,117.49,158.18,4,60.13,157.49
2026-01-08 06:00,Sul,71.42,161.42,5,21.71,121.42
2026-01-08 07:00,Sul,83.2,164.0,5,57.08,133.2
2026-01-08 08:00,Norte,108.58,167.11,5,79.31,158.58
2026-01-08 09:00,Oeste,86.29,146.84,3,63.18,116.29
2026-01-08 10:00,Oeste,87.08,144.73,5,34.55,137.08
2026-01-08 11:00,Sul,107.35,160.63,5,70.36,157.35
2026-01-08 12:00,Sul,95.15,156.92,5,36.93,145.15
2026-01-08 13:00,Centro,99.18,169.44,4,65.42,139.18
2026-01-08 14:00,Sul,66.69,136.57,3,57.91,96.69
2026-01-08 15:00,Oeste,25.46,174.78,4,10.24,65.46
2026-01-08 16:00,Centro,64.15,144.2,2,43.23,84.15
2026-01-08 17:00,Centro,96.34,183.98,3,82.22,126.34
2026-01-08 18:00,Norte,164.78,154.16,4,62.51,236.66
2026-01-08 19:00,Sul,194.61,188.4,5,138.29,263.24
2026-01-08 20:00,Centro,167.68,154.23,5,110.65,258.05
2026-01-08 21:00,Centro,167.5,159.84,4,116.52,230.48
2026-01-08 22:00,Leste,98.81,159.82,4,60.59,138.81
2026-01-08 23:00,Oeste,127.31,143.58,4,55.72,167.31
2026-01-09 00:00,Centro,106.03,145.75,5,82.99,156.03
2026-01-09 01:00,Norte,110.96,164.63,4,84.27,150.96
2026-01-09 02:00,Norte,89.38,190.03,4,40.64,129.38
2026-01-09 03:00,Centro,88.8,134.39,5,54.48,138.8
2026-01-09 04:00,Norte,136.41,160.99,3,74.39,166.41
2026-01-09 05:00,Centro,120.45,178.0,3,55.02,150.45
2026-01-09 06:00,Oeste,78.85,166.61,3,70.57,108.85
2026-01-09 07:00,Leste,100.81,144.52,5,59.42,150.81
2026-01-09 08:00,Oeste,73.21,153.74,3,47.34,103.21
2026-01-09 09:00,Oeste,95.62,130.64,1,71.59,105.62
2026-01-09 10:00,Oeste,112.61,124.17,1,48.27,122.61
2026-01-09 11:00,Norte,110.09,133.74,5,79.07,160.09
2026-01-09 12:00,Sul,134.37,192.83,1,105.16,144.37
2026-01-09 13:00,Sul,66.68,163.6,1,22.57,76.68
2026-01-09 14:00,Oeste,76.42,174.91,4,65.6,116.42
2026-01-09 15:00,Sul,77.12,148.05,5,25.79,127.12
2026-01-09 16:00,Centro,82.9,147.55,2,67.18,102.9
2026-01-09 17:00,Sul,98.53,163.82,5,59.74,148.53
2026-01-09 18:00,Norte,71.95,145.13,3,31.91,101.95
2026-01-09 19:00,Leste,110.53,159.03,3,84.87,140.53
2026-01-09 20:00,Norte,87.67,146.61,2,53.54,107.67
2026-01-09 21:00,Leste,127.59,150.79,5,108.33,177.59
2026-01-09 22:00,Sul,73.58,182.57,2,48.84,93.58
2026-01-09 23:00,Oeste,75.59,164.28,1,34.52,85.59
2026-01-10 00:00,Norte,68.05,159.25,5,32.43,118.05
2026-01-10 01:00,Centro,120.46,124.47,5,94.91,170.46
2026-01-10 02:00,Sul,99.98,176.22,4,63.77,139.98
2026-01-10 03:00,Centro,102.99,121.8,4,73.02,142.99
2026-01-10 04:00,Sul,118.56,146.88,3,40.37,148.56
2026-01-10 05:00,Leste,91.99,150.28,3,50.36,121.99
2026-01-10 06:00,Norte,96.52,159.78,3,43.33,126.52
2026-01-10 07:00,Sul,66.55,174.79,3,23.0,96.55
2026-01-10 08:00,Sul,76.9,162.06,5,35.49,126.9
2026-01-10 09:00,Sul,83.31,160.06,2,68.62,103.31
2026-01-10 10:00,Norte,106.18,188.23,5,54.54,156.18
2026-01-10 11:00,Centro,107.37,164.15,4,71.76,147.37
2026-01-10 12:00,Oeste,146.85,152.4,3,98.74,176.85
2026-01-10 13:00,Oeste,141.37,141.51,5,116.1,191.37
2026-01-10 14:00,Sul,117.4,183.27,5,54.96,167.4
2026-01-10 15:00,Oeste,100.01,152.14,5,77.97,150.01
2026-01-10 16:00,Sul,105.98,158.57,3,56.83,135.98
2026-01-10 17:00,Norte,87.79,162.02,5,50.57,137.79
2026-01-10 18:00,Leste,117.15,160.77,5,42.23,167.15
2026-01-10 19:00,Leste,85.28,152.43,5,39.03,135.28
2026-01-10 20:00,Oeste,66.1,163.7,3,27.13,96.1
2026-01-10 21:00,Oeste,109.53,182.59,3,56.85,139.53
2026-01-10 22:00,Sul,97.09,169.28,2,86.17,117.09
2026-01-10 23:00,Oeste,115.67,137.96,2,73.25,135.67
2026-01-11 00:00,Norte,114.91,185.38,2,67.08,134.91
2026-01-11 01:00,Leste,113.09,175.81,5,70.16,163.09
2026-01-11 02:00,Norte,104.65,147.64,5,85.3,154.65
2026-01-11 03:00,Leste,69.25,173.69,1,29.73,79.25
2026-01-11 04:00,Leste,65.14,163.11,4,48.64,105.14
2026-01-11 05:00,Oeste,79.42,174.74,3,40.23,109.42
2026-01-11 06:00,Centro,136.36,180.81,5,57.19,186.36
2026-01-11 07:00,Centro,81.71,144.92,3,41.92,111.71
2026-01-11 08:00,Leste,59.29,161.92,1,31.35,69.29
2026-01-11 09:00,Leste,39.0,168.48,2,26.69,59.0
2026-01-11 10:00,Norte,69.65,169.74,4,56.37,109.65
2026-01-11 11:00,Leste,120.16,166.56,3,58.9,150.16
2026-01-11 12:00,Oeste,91.61,140.17,4,42.39,131.61
2026-01-11 13:00,Oeste,111.43,125.22,5,68.26,161.43
2026-01-11 14:00,Sul,86.33,164.92,1,32.38,96.33
2026-01-11 15:00,Oeste,68.82,129.68,1,29.34,78.82
2026-01-11 16:00,Norte,107.24,163.28,4,67.46,147.24
2026-01-11 17:00,Centro,104.0,141.88,1,37.68,114.0
2026-01-11 18:00,Sul,120.44,178.12,4,58.49,160.44
2026-01-11 19:00,Sul,97.89,143.82,2,37.08,117.89
2026-01-11 20:00,Oeste,136.31,163.95,3,111.57,166.31
2026-01-11 21:00,Sul,130.8,157.07,3,82.29,160.8
2026-01-11 22:00,Oeste,137.96,155.59,2,90.3,157.96
2026-01-11 23:00,Centro,75.85,144.36,5,42.55,125.85
2026-01-12 00:00,Norte,91.55,172.89,5,39.94,141.55
2026-01-12 01:00,Norte,77.72,165.11,3,30.58,107.72
2026-01-12 02:00,Oeste,145.95,160.02,2,73.9,165.95
2026-01-12 03:00,Oeste,62.78,154.99,4,54.5,102.78
2026-01-12 04:00,Norte,86.93,184.33,3,57.22,116.93
2026-01-12 05:00,Sul,84.57,157.11,5,47.55,134.57
2026-01-12 06:00,Sul,121.18,180.97,4,96.59,161.18
2026-01-12 07:00,Centro,97.87,175.66,2,59.7,117.87
2026-01-12 08:00,Centro,113.44,138.69,3,78.17,143.44
2026-01-12 09:00,Leste,109.32,145.56,1,44.76,119.32
2026-01-12 10:00,Centro,121.2,170.57,4,56.15,161.2
2026-01-12 11:00,Centro,78.04,160.66,2,25.74,98.04
2026-01-12 12:00,Oeste,166.32,165.57,3,76.76,198.57
2026-01-12 13:00,Sul,97.39,149.19,2,30.08,117.39
2026-01-12 14:00,Oeste,88.21,170.86,4,79.28,128.21
2026-01-12 15:00,Sul,97.92,156.4,1,78.94,107.92
2026-01-12 16:00,Sul,140.57,168.94,1,87.99,150.57
2026-01-12 17:00,Norte,117.05,186.91,4,93.28,157.05
2026-01-12 18:00,Oeste,139.09,156.22,4,106.09,179.09
2026-01-12 19:00,Norte,101.44,208.41,2,58.48,121.44
2026-01-12 20:00,Leste,29.7,154.36,4,15.85,69.7
2026-01-12 21:00,Centro,113.53,156.56,1,84.79,123.53
2026-01-12 22:00,Norte,81.06,158.5,3,33.98,111.06
2026-01-12 23:00,Oeste,111.48,152.06,1,49.23,121.48
2026-01-13 00:00,Oeste,93.17,168.1,3,60.64,123.17
2026-01-13 01:00,Oeste,100.82,158.05,1,65.39,110.82
2026-01-13 02:00,Oeste,94.52,151.94,1,42.46,104.52
2026-01-13 03:00,Sul,129.14,171.31,1,43.38,139.14
2026-01-13 04:00,Leste,86.67,134.67,2,51.37,106.67
2026-01-13 05:00,Oeste,143.78,156.96,3,112.62,173.78
2026-01-13 06:00,Sul,99.45,156.9,4,51.21,139.45
2026-01-13 07:00,Centro,99.97,164.26,4,63.52,139.97
2026-01-13 08:00,Leste,94.7,150.8,2,59.3,114.7
2026-01-13 09:00,Centro,97.79,148.04,5,82.99,147.79
2026-01-13 10:00,Leste,116.43,175.61,4,55.58,156.43
2026-01-13 11:00,Sul,73.43,155.73,5,38.73,123.43
2026-01-13 12:00,Sul,125.78,146.0,3,96.3,155.78
2026-01-13 13:00,Sul,96.11,164.9,5,76.07,146.11
2026-01-13 14:00,Leste,71.0,157.35,5,27.87,121.0
2026-01-13 15:00,Norte,84.24,179.27,1,30.14,94.24
2026-01-13 16:00,Sul,156.71,169.6,2,129.14,176.71
2026-01-13 17:00,Oeste,112.75,166.1,1,72.46,122.75
2026-01-13 18:00,Leste,83.3,144.66,5,37.78,133.3
2026-01-13 19:00,Sul,107.27,183.46,1,92.06,117.27
2026-01-13 20:00,Norte,67.95,131.42,1,39.47,77.95
2026-01-13 21:00,Norte,73.53,178.97,4,58.32,113.53
2026-01-13 22:00,Leste,108.77,149.45,1,80.55,118.77
2026-01-13 23:00,Sul,115.39,164.92,5,41.34,165.39
2026-01-14 00:00,Centro,84.12,158.08,5,58.39,134.12
2026-01-14 01:00,Norte,88.92,153.33,5,48.83,138.92
2026-01-14 02:00,Oeste,103.35,140.44,4,74.57,143.35
2026-01-14 03:00,Centro,111.19,153.91,2,70.05,131.19
2026-01-14 04:00,Leste,92.33,167.5,5,52.24,142.33
2026-01-14 05:00,Oeste,125.85,149.1,3,101.55,155.85
2026-01-14 06:00,Centro,102.36,144.14,3,68.08,132.36
2026-01-14 07:00,Leste,76.75,155.89,5,65.67,126.75
2026-01-14 08:00,Norte,82.51,172.68,4,24.76,122.51
2026-01-14 09:00,Leste,133.46,157.84,5,50.85,183.46
2026-01-14 10:00,Norte,172.05,161.79,2,139.95,222.85
2026-01-14 11:00,Centro,108.08,124.39,3,92.02,138.08
2026-01-14 12:00,Oeste,46.5,148.14,2,16.58,66.5
2026-01-14 13:00,Sul,91.59,166.45,3,76.37,121.59
2026-01-14 14:00,Centro,104.87,187.23,1,67.36,114.87
2026-01-14 15:00,Sul,135.4,147.95,3,105.04,165.4
2026-01-14 16:00,Norte,46.61,162.36,5,36.9,96.61
2026-01-14 17:00,Norte,82.54,152.86,5,43.66,132.54
2026-01-14 18:00,Norte,119.89,153.62,4,65.93,159.89
2026-01-14 19:00,Oeste,112.25,152.15,5,96.22,162.25
2026-01-14 20:00,Sul,128.73,166.1,3,80.32,158.73
2026-01-14 21:00,Oeste,82.05,180.55,2,27.1,102.05
2026-01-14 22:00,Sul,141.11,155.46,5,85.07,191.11
2026-01-14 23:00,Norte,60.03,170.93,2,22.77,80.03
2026-01-15 00:00,Norte,59.13,163.75,5,31.9,109.13
2026-01-15 01:00,Oeste,78.55,169.53,2,59.48,98.55
2026-01-15 02:00,Centro,73.06,153.68,5,30.52,123.06
2026-01-15 03:00,Oeste,130.47,159.66,2,44.75,150.47
2026-01-15 04:00,Oeste,74.73,190.51,1,27.46,84.73
2026-01-15 05:00,Norte,79.48,166.41,3,40.28,109.48
2026-01-15 06:00,Oeste,101.88,150.93,3,68.23,131.88
2026-01-15 07:00,Leste,80.73,148.7,2,33.89,100.73
2026-01-15 08:00,Norte,122.48,180.12,1,45.0,132.48
2026-01-15 09:00,Leste,101.52,180.88,2,83.37,121.52
2026-01-15 10:00,Oeste,138.32,161.99,1,66.82,148.32
2026-01-15 11:00,Centro,116.95,161.46,5,49.95,166.95
2026-01-15 12:00,Sul,80.86,158.31,4,54.49,120.86
2026-01-15 13:00,Centro,87.44,139.03,4,56.82,127.44
2026-01-15 14:00,Centro,114.71,162.47,3,48.23,144.71
2026-01-15 15:00,Leste,96.27,176.63,1,32.73,106.27
2026-01-15 16:00,Norte,71.28,131.69,3,58.35,101.28
2026-01-15 17:00,Oeste,86.33,190.0,4,37.87,126.33
2026-01-15 18:00,Centro,140.74,158.73,3,83.15,170.74
2026-01-15 19:00,Centro,164.26,158.1,5,144.56,232.72
2026-01-15 20:00,Leste,184.66,158.6,2,157.58,282.84
2026-01-15 21:00,Leste,167.47,172.98,2,52.09,187.47
2026-01-15 22:00,Norte,86.96,170.04,5,40.48,136.96
2026-01-15 23:00,Leste,63.87,138.11,1,55.34,73.87
2026-01-16 00:00,Norte,103.49,173.56,4,71.84,143.49
2026-01-16 01:00,Sul,96.18,141.95,5,79.22,146.18
2026-01-16 02:00,Centro,71.69,169.71,4,63.25,111.69
2026-01-16 03:00,Centro,85.07,176.47,2,58.82,105.07
2026-01-16 04:00,Centro,56.65,153.08,2,27.5,76.65
2026-01-16 05:00,Centro,122.34,151.44,2,84.87,142.34
2026-01-16 06:00,Norte,118.95,153.48,5,73.73,168.95
2026-01-16 07:00,Leste,119.23,186.27,2,87.78,139.23
2026-01-16 08:00,Leste,118.86,149.39,4,57.29,158.86
2026-01-16 09:00,Centro,109.32,167.9,2,44.91,129.32
2026-01-16 10:00,Sul,74.7,146.28,5,32.76,124.7
2026-01-16 11:00,Oeste,100.69,163.42,1,71.78,110.69
2026-01-16 12:00,Leste,132.2,181.66,4,96.13,172.2
2026-01-16 13:00,Sul,109.98,173.59,4,42.07,149.98
2026-01-16 14:00,Oeste,103.81,175.2,1,88.78,113.81
2026-01-16 15:00,Norte,106.4,182.05,2,80.3,126.4
2026-01-16 16:00,Oeste,127.51,193.47,4,104.59,167.51
2026-01-16 17:00,Norte,80.9,132.15,2,45.02,100.9
2026-01-16 18:00,Centro,63.69,142.45,3,34.17,93.69
2026-01-16 19:00,Oeste,74.63,149.82,1,45.7,84.63
2026-01-16 20:00,Oeste,50.61,168.23,2,30.93,70.61
2026-01-16 21:00,Norte,107.04,159.57,4,65.26,147.04
2026-01-16 22:00,Leste,109.93,175.0,3,84.01,139.93
2026-01-16 23:00,Centro,74.57,163.78,5,63.49,124.57
2026-01-17 00:00,Centro,122.95,150.48,4,43.56,162.95
2026-01-17 01:00,Oeste,132.9,177.0,5,50.66,182.9
2026-01-17 02:00,Sul,97.5,163.02,4,63.78,137.5
2026-01-17 03:00,Sul,108.04,155.61,3,77.25,138.04
2026-01-17 04:00,Leste,97.47,152.45,1,70.54,107.47
2026-01-17 05:00,Sul,133.69,172.01,5,89.21,183.69
2026-01-17 06:00,Centro,82.3,170.14,2,69.74,102.3
2026-01-17 07:00,Sul,134.4,138.38,2,110.38,154.4
2026-01-17 08:00,Oeste,100.97,155.17,3,49.04,130.97
2026-01-17 09:00,Norte,96.19,169.19,2,84.29,116.19
2026-01-17 10:00,Oeste,86.29,152.02,4,51.65,126.29
2026-01-17 11:00,Centro,97.41,159.57,4,43.13,137.41
2026-01-17 12:00,Centro,85.19,146.1,4,29.62,125.19
2026-01-17 13:00,Centro,151.66,161.28,3,101.89,181.66
2026-01-17 14:00,Leste,107.27,150.74,2,41.72,127.27
2026-01-17 15:00,Leste,147.73,166.73,5,118.6,197.73
2026-01-17 16:00,Sul,94.77,165.61,1,52.14,104.77
2026-01-17 17:00,Centro,110.81,170.42,5,71.29,160.81
2026-01-17 18:00,Norte,112.14,174.85,5,57.88,162.14
2026-01-17 19:00,Norte,117.58,166.99,3,98.59,147.58
2026-01-17 20:00,Sul,102.55,131.16,1,48.78,112.55
2026-01-17 21:00,Centro,135.67,180.61,3,83.6,165.67
2026-01-17 22:00,Centro,104.27,169.95,1,38.12,114.27
2026-01-17 23:00,Leste,128.65,158.61,5,110.68,178.65
2026-01-18 00:00,Centro,56.5,172.88,3,34.76,86.5
2026-01-18 01:00,Oeste,92.0,166.28,5,55.0,142.0
2026-01-18 02:00,Leste,84.27,160.44,5,37.05,134.27
2026-01-18 03:00,Norte,101.39,159.89,1,58.7,111.39
2026-01-18 04:00,Oeste,98.66,149.81,5,88.73,148.66
2026-01-18 05:00,Sul,122.25,163.92,2,37.5,142.25
2026-01-18 06:00,Centro,92.95,149.31,1,45.05,102.95
2026-01-18 07:00,Leste,59.41,152.09,1,42.27,69.41
2026-01-18 08:00,Sul,74.24,171.83,1,59.34,84.24
2026-01-18 09:00,Norte,89.0,171.92,4,75.62,129.0
2026-01-18 10:00,Centro,82.53,146.37,4,68.93,122.53
2026-01-18 11:00,Norte,122.11,149.83,4,104.61,162.11
2026-01-18 12:00,Norte,110.75,149.11,3,70.11,140.75
2026-01-18 13:00,Sul,109.86,182.04,3,37.32,139.86
2026-01-18 14:00,Sul,98.8,163.71,4,66.78,138.8
2026-01-18 15:00,Leste,77.59,153.57,5,28.72,127.59
2026-01-18 16:00,Norte,93.97,147.48,1,43.5,103.97
2026-01-18 17:00,Leste,81.59,160.2,4,65.08,121.59
2026-01-18 18:00,Norte,104.48,172.44,1,54.8,114.48
2026-01-18 19:00,Oeste,109.61,127.33,4,66.16,149.61
2026-01-18 20:00,Centro,111.96,155.12,3,95.63,141.96
2026-01-18 21:00,Centro,91.76,172.41,1,72.79,101.76
2026-01-18 22:00,Centro,94.07,152.83,1,54.15,104.07
2026-01-18 23:00,Centro,116.11,168.61,1,82.7,126.11
2026-01-19 00:00,Leste,115.6,150.26,1,41.83,125.6
2026-01-19 01:00,Sul,141.72,163.56,2,69.8,161.72
2026-01-19 02:00,Leste,92.98,178.01,4,65.34,132.98
2026-01-19 03:00,Centro,111.82,169.67,1,97.84,121.82
2026-01-19 04:00,Leste,83.06,159.1,3,52.3,113.06
2026-01-19 05:00,Sul,124.58,178.19,3,80.29,154.58
2026-01-19 06:00,Norte,131.07,168.95,3,81.83,161.07
2026-01-19 07:00,Norte,119.3,172.34,1,43.37,129.3
2026-01-19 08:00,Oeste,121.37,167.71,5,101.32,171.37
2026-01-19 09:00,Centro,83.89,151.33,2,61.05,103.89
2026-01-19 10:00,Norte,149.83,176.08,4,95.99,189.83
2026-01-19 11:00,Leste,121.6,128.91,4,43.58,161.6
2026-01-19 12:00,Sul,84.25,138.36,4,49.06,124.25
2026-01-19 13:00,Oeste,132.92,185.04,3,112.68,162.92
2026-01-19 14:00,Leste,122.7,190.59,3,94.88,152.7
2026-01-19 15:00,Oeste,94.07,161.08,4,34.59,134.07
2026-01-19 16:00,Sul,85.15,162.21,3,56.43,115.15
2026-01-19 17:00,Norte,74.53,159.24,1,36.93,84.53
2026-01-19 18:00,Sul,108.12,142.15,4,70.75,148.12
2026-01-19 19:00,Leste,77.15,146.99,4,40.91,117.15
2026-01-19 20:00,Oeste,109.98,182.3,4,84.75,149.98
2026-01-19 21:00,Norte,79.13,154.37,2,31.96,99.13
2026-01-19 22:00,Centro,97.37,136.39,4,35.89,137.37
2026-01-19 23:00,Oeste,69.04,164.41,4,28.01,109.04
2026-01-20 00:00,Oeste,110.87,163.05,5,84.57,160.87
2026-01-20 01:00,Sul,83.18,179.08,1,29.47,93.18
2026-01-20 02:00,Sul,141.03,138.91,1,106.37,157.41
2026-01-20 03:00,Sul,80.14,163.63,5,51.83,130.14
2026-01-20 04:00,Leste,114.09,189.55,3,73.26,144.09
2026-01-20 05:00,Centro,151.2,142.73,3,135.2,206.59
2026-01-20 06:00,Leste,173.21,162.24,4,140.06,246.12
2026-01-20 07:00,Centro,149.69,172.33,1,44.98,159.69
2026-01-20 08:00,Sul,110.14,147.22,3,90.25,140.14
2026-01-20 09:00,Oeste,69.63,168.33,3,50.63,99.63
2026-01-20 10:00,Sul,76.92,172.75,2,44.99,96.92
2026-01-20 11:00,Sul,54.75,150.14,3,44.02,84.75
2026-01-20 12:00,Norte,87.85,189.57,2,33.43,107.85
2026-01-20 13:00,Sul,91.69,153.28,4,63.7,131.69
2026-01-20 14:00,Centro,130.89,170.91,4,106.82,170.89
2026-01-20 15:00,Centro,131.64,151.11,4,79.73,171.64
2026-01-20 16:00,Centro,110.5,146.63,2,45.47,130.5
2026-01-20 17:00,Leste,129.33,160.82,2,94.06,149.33
2026-01-20 18:00,Norte,73.38,170.02,3,23.49,103.38
2026-01-20 19:00,Norte,64.47,150.27,1,41.79,74.47
2026-01-20 20:00,Norte,125.42,178.94,3,72.62,155.42
2026-01-20 21:00,Norte,66.06,156.99,2,38.54,86.06
2026-01-20 22:00,Norte,87.47,142.91,5,42.64,137.47
2026-01-20 23:00,Centro,125.43,149.43,1,72.92,135.43
2026-01-21 00:00,Leste,127.13,149.09,3,70.25,157.13
2026-01-21 01:00,Centro,98.36,163.9,5,73.74,148.36
2026-01-21 02:00,Norte,97.69,181.09,5,39.22,147.69
2026-01-21 03:00,Oeste,88.47,149.64,5,27.99,138.47
2026-01-21 04:00,Centro,125.77,168.82,3,56.75,155.77
2026-01-21 05:00,Centro,90.45,189.07,1,67.37,100.45
2026-01-21 06:00,Leste,115.27,177.87,2,80.17,135.27
2026-01-21 07:00,Centro,106.92,149.09,2,63.18,126.92
2026-01-21 08:00,Centro,114.82,149.52,1,101.09,124.82
2026-01-21 09:00,Oeste,113.24,156.5,4,85.12,153.24
2026-01-21 10:00,Sul,102.35,149.03,4,75.29,142.35
2026-01-21 11:00,Leste,109.91,183.69,3,36.56,139.91
2026-01-21 12:00,Oeste,100.43,152.56,2,58.09,120.43
2026-01-21 13:00,Oeste,86.87,183.56,5,38.24,136.87
2026-01-21 14:00,Oeste,86.18,161.34,4,26.47,126.18
2026-01-21 15:00,Norte,83.94,168.82,5,59.57,133.94
2026-01-21 16:00,Oeste,125.2,170.61,3,109.38,155.2
2026-01-21 17:00,Leste,72.08,146.06,3,36.11,102.08
2026-01-21 18:00,Sul,106.2,149.1,5,56.78,156.2
2026-01-21 19:00,Sul,96.72,140.1,2,59.19,116.72
2026-01-21 20:00,Norte,98.59,162.02,1,78.77,108.59
2026-01-21 21:00,Leste,74.11,169.69,4,37.86,114.11
2026-01-21 22:00,Centro,99.92,163.95,5,35.49,149.92
2026-01-21 23:00,Norte,73.7,136.27,5,50.33,123.7
2026-01-22 00:00,Centro,129.16,170.56,4,89.62,169.16
2026-01-22 01:00,Leste,105.24,150.94,1,75.5,115.24
2026-01-22 02:00,Leste,89.84,181.19,1,61.39,99.84
2026-01-22 03:00,Norte,104.66,137.14,3,47.56,134.66
2026-01-22 04:00,Norte,98.47,165.31,4,49.19,138.47
2026-01-22 05:00,Oeste,97.63,187.42,2,55.1,117.63
2026-01-22 06:00,Oeste,116.59,158.71,4,47.46,156.59
2026-01-22 07:00,Norte,124.22,171.78,4,53.54,164.22
2026-01-22 08:00,Norte,133.81,147.59,1,42.94,143.81
2026-01-22 09:00,Oeste,82.89,155.06,4,25.8,122.89
2026-01-22 10:00,Leste,121.22,177.26,1,84.71,131.22
2026-01-22 11:00,Centro,112.96,170.94,4,72.84,152.96
2026-01-22 12:00,Norte,88.7,135.15,4,49.82,128.7
2026-01-22 13:00,Centro,98.03,159.7,4,36.54,138.03
2026-01-22 14:00,Norte,121.64,154.39,3,65.73,151.64
2026-01-22 15:00,Oeste,67.52,182.0,3,23.52,97.52
2026-01-22 16:00,Norte,101.36,147.61,2,41.15,121.36
2026-01-22 17:00,Norte,136.0,155.53,3,97.58,166.0
2026-01-22 18:00,Oeste,163.92,149.65,1,136.24,216.74
2026-01-22 19:00,Centro,178.74,151.8,2,56.34,279.55
2026-01-22 20:00,Oeste,181.79,174.84,5,124.72,252.64
2026-01-22 21:00,Norte,133.68,153.98,4,117.63,173.68
2026-01-22 22:00,Sul,108.26,161.18,1,58.82,118.26
2026-01-22 23:00,Centro,113.02,139.16,4,97.66,153.02
2026-01-23 00:00,Sul,119.51,175.89,1,38.5,129.51
2026-01-23 01:00,Sul,95.11,160.21,5,31.15,145.11
2026-01-23 02:00,Norte,135.24,161.91,3,107.17,165.24
2026-01-23 03:00,Norte,85.28,162.49,5,28.86,135.28
2026-01-23 04:00,Sul,125.33,173.26,5,54.18,175.33
2026-01-23 05:00,Centro,59.15,172.25,4,29.25,99.15
2026-01-23 06:00,Centro,78.89,156.24,2,59.84,98.89
2026-01-23 07:00,Oeste,104.18,164.81,3,40.08,134.18
2026-01-23 08:00,Centro,111.83,172.55,2,62.98,131.83
2026-01-23 09:00,Sul,111.1,161.74,5,58.4,161.1
2026-01-23 10:00,Norte,128.74,161.7,1,39.18,138.74
2026-01-23 11:00,Oeste,90.99,140.61,3,50.02,120.99
2026-01-23 12:00,Oeste,93.98,150.47,3,57.69,123.98
2026-01-23 13:00,Oeste,101.04,169.27,1,66.46,111.04
2026-01-23 14:00,Norte,91.82,155.83,3,46.71,121.82
2026-01-23 15:00,Centro,84.74,156.53,5,75.09,134.74
2026-01-23 16:00,Oeste,72.65,179.36,5,43.92,122.65
2026-01-23 17:00,Norte,104.67,138.17,3,34.74,134.67
2026-01-23 18:00,Sul,110.97,138.16,4,66.42,150.97
2026-01-23 19:00,Oeste,96.43,156.1,3,45.42,126.43
2026-01-23 20:00,Norte,99.7,180.78,4,32.5,139.7
2026-01-23 21:00,Norte,113.85,155.76,1,67.29,123.85
2026-01-23 22:00,Leste,116.53,164.73,4,76.4,156.53
2026-01-23 23:00,Norte,63.79,172.11,3,27.94,93.79
2026-01-24 00:00,Oeste,94.77,166.05,4,77.9,134.77
2026-01-24 01:00,Oeste,107.58,156.3,5,63.54,157.58
2026-01-24 02:00,Leste,135.16,187.17,4,54.99,175.16
2026-01-24 03:00,Sul,126.11,178.09,3,111.65,156.11
2026-01-24 04:00,Sul,96.72,163.29,5,32.48,146.72
2026-01-24 05:00,Leste,121.44,170.79,4,48.91,161.44
2026-01-24 06:00,Centro,103.94,172.32,2,80.42,123.94
2026-01-24 07:00,Norte,127.23,148.98,5,103.44,177.23
2026-01-24 08:00,Oeste,74.19,169.6,2,48.59,94.19
2026-01-24 09:00,Oeste,92.63,183.87,2,41.56,112.63
2026-01-24 10:00,Centro,53.71,144.85,5,46.61,103.71
2026-01-24 11:00,Oeste,120.87,150.69,1,39.17,130.87
2026-01-24 12:00,Oeste,96.93,142.33,4,59.97,136.93
2026-01-24 13:00,Sul,114.15,138.44,1,65.23,124.15
2026-01-24 14:00,Sul,136.24,172.51,4,118.53,176.24
2026-01-24 15:00,Leste,88.36,168.61,1,27.35,98.36
2026-01-24 16:00,Norte,114.59,174.14,5,85.75,164.59
2026-01-24 17:00,Oeste,127.6,157.53,2,105.21,147.6
2026-01-24 18:00,Norte,120.13,187.89,4,86.78,160.13
2026-01-24 19:00,Leste,106.12,155.58,3,65.64,136.12
2026-01-24 20:00,Sul,82.29,165.34,5,51.47,132.29
2026-01-24 21:00,Norte,102.41,154.01,3,75.93,132.41
2026-01-24 22:00,Norte,45.37,156.96,3,37.78,75.37
2026-01-24 23:00,Sul,79.25,171.26,1,41.16,89.25
2026-01-25 00:00,Sul,76.68,141.2,5,55.64,126.68
2026-01-25 01:00,Oeste,114.57,170.35,5,42.18,164.57
2026-01-25 02:00,Sul,96.69,135.02,2,72.7,116.69
2026-01-25 03:00,Leste,77.12,188.96,5,54.61,127.12
2026-01-25 04:00,Centro,122.75,164.86,4,72.63,162.75
2026-01-25 05:00,Centro,113.51,145.16,5,80.25,163.51
2026-01-25 06:00,Norte,122.13,150.28,3,95.25,152.13
2026-01-25 07:00,Sul,119.6,188.83,1,41.63,129.6
2026-01-25 08:00,Norte,85.05,196.49,1,33.92,95.05
2026-01-25 09:00,Norte,90.44,143.39,2,55.39,110.44
2026-01-25 10:00,Oeste,82.3,198.19,5,70.7,132.3
2026-01-25 11:00,Norte,84.54,173.34,1,40.15,94.54
2026-01-25 12:00,Oeste,144.56,163.73,5,99.29,194.56
2026-01-25 13:00,Centro,67.86,149.6,3,40.15,97.86
2026-01-25 14:00,Leste,114.82,146.36,3,73.52,144.82
2026-01-25 15:00,Leste,109.16,170.26,4,57.11,149.16
2026-01-25 16:00,Sul,100.96,155.37,3,47.52,130.96
2026-01-25 17:00,Sul,89.12,153.98,5,41.99,139.12
2026-01-25 18:00,Norte,120.45,140.49,2,47.79,140.45
2026-01-25 19:00,Leste,121.09,163.35,2,68.36,141.09
2026-01-25 20:00,Leste,112.86,177.68,1,78.93,122.86
2026-01-25 21:00,Norte,116.31,173.11,2,72.14,136.31
2026-01-25 22:00,Oeste,122.34,152.68,4,93.12,162.34
2026-01-25 23:00,Leste,113.09,156.17,5,100.13,163.09
2026-01-26 00:00,Centro,87.41,149.97,3,77.07,117.41
2026-01-26 01:00,Norte,77.64,136.69,4,39.07,117.64
2026-01-26 02:00,Norte,93.82,128.01,2,66.31,113.82
2026-01-26 03:00,Norte,90.96,174.2,2,51.63,110.96
2026-01-26 04:00,Sul,84.2,178.21,2,54.74,104.2
2026-01-26 05:00,Centro,108.33,134.89,2,33.97,128.33
2026-01-26 06:00,Oeste,121.99,141.71,1,108.02,131.99
2026-01-26 07:00,Norte,107.48,172.33,5,65.23,157.48
2026-01-26 08:00,Oeste,119.85,152.28,2,87.44,139.85
2026-01-26 09:00,Leste,83.51,170.59,3,42.34,113.51
2026-01-26 10:00,Oeste,150.41,155.7,1,64.59,160.41
2026-01-26 11:00,Oeste,98.62,144.47,4,46.67,138.62
2026-01-26 12:00,Sul,96.53,144.63,5,63.59,146.53
2026-01-26 13:00,Norte,107.44,176.42,5,95.83,157.44
2026-01-26 14:00,Oeste,130.51,151.82,4,46.08,170.51
2026-01-26 15:00,Centro,87.15,150.82,2,55.21,107.15
2026-01-26 16:00,Leste,100.45,151.86,2,80.29,120.45
2026-01-26 17:00,Leste,93.07,158.54,3,74.53,123.07
2026-01-26 18:00,Norte,59.0,160.91,2,18.65,79.0
2026-01-26 19:00,Leste,111.98,170.44,4,41.94,151.98
2026-01-26 20:00,Leste,74.76,168.68,2,23.7,94.76
2026-01-26 21:00,Centro,33.66,161.74,5,25.15,83.66
2026-01-26 22:00,Oeste,73.44,161.96,3,49.71,103.44
2026-01-26 23:00,Centro,145.57,155.54,3,88.43,175.57
2026-01-27 00:00,Leste,119.26,161.28,5,39.97,169.26
2026-01-27 01:00,Leste,62.71,165.59,3,24.96,92.71
2026-01-27 02:00,Leste,77.14,176.34,3,25.4,107.14
2026-01-27 03:00,Sul,42.34,153.49,5,17.63,92.34
2026-01-27 04:00,Leste,103.11,139.81,2,64.57,123.11
2026-01-27 05:00,Leste,117.64,139.81,3,54.45,147.64
2026-01-27 06:00,Centro,127.14,171.19,2,39.13,147.14
2026-01-27 07:00,Sul,91.48,185.55,4,46.12,131.48
2026-01-27 08:00,Centro,111.59,165.22,2,89.15,131.59
2026-01-27 09:00,Centro,64.31,141.49,5,51.94,114.31
2026-01-27 10:00,Norte,86.69,134.19,4,49.96,126.69
2026-01-27 11:00,Leste,109.86,165.32,1,64.57,119.86
2026-01-27 12:00,Centro,95.05,152.35,4,79.26,135.05
2026-01-27 13:00,Norte,34.46,154.25,2,25.01,54.46
2026-01-27 14:00,Sul,99.56,152.47,2,81.05,119.56
2026-01-27 15:00,Norte,91.87,148.1,2,34.74,111.87
2026-01-27 16:00,Oeste,62.22,171.58,1,21.57,72.22
2026-01-27 17:00,Centro,100.34,155.58,1,32.08,110.34
2026-01-27 18:00,Leste,76.55,150.67,3,24.95,106.55
2026-01-27 19:00,Sul,79.26,138.15,1,67.53,89.26
2026-01-27 20:00,Sul,85.76,154.76,3,27.24,115.76
2026-01-27 21:00,Sul,133.78,130.52,5,68.06,193.58
2026-01-27 22:00,Centro,126.73,139.36,5,56.41,176.73
2026-01-27 23:00,Sul,142.07,171.56,1,87.7,152.07
2026-01-28 00:00,Norte,114.96,157.95,5,34.79,164.96
2026-01-28 01:00,Centro,150.0,144.53,4,77.98,206.41
2026-01-28 02:00,Leste,114.83,180.61,1,46.91,124.83
2026-01-28 03:00,Norte,126.08,158.15,5,55.04,176.08
2026-01-28 04:00,Sul,101.56,147.0,4,37.19,141.56
2026-01-28 05:00,Norte,76.34,160.37,3,48.42,106.34
2026-01-28 06:00,Centro,125.36,168.65,4,58.94,165.36
2026-01-28 07:00,Oeste,96.69,137.22,4,42.11,136.69
2026-01-28 08:00,Oeste,87.6,188.54,2,71.31,107.6
2026-01-28 09:00,Oeste,122.2,154.64,1,109.88,132.2
2026-01-28 10:00,Norte,88.19,146.7,5,61.3,138.19
2026-01-28 11:00,Sul,118.35,170.24,5,104.92,168.35
2026-01-28 12:00,Oeste,162.44,176.13,3,68.25,192.44
2026-01-28 13:00,Centro,134.21,179.95,4,62.69,174.21
2026-01-28 14:00,Centro,65.06,146.01,4,33.42,105.06
2026-01-28 15:00,Oeste,170.42,146.31,5,79.64,292.76
2026-01-28 16:00,Sul,114.78,167.16,4,50.33,154.78
2026-01-28 17:00,Norte,140.19,164.56,1,83.96,150.19
2026-01-28 18:00,Centro,124.18,157.43,3,48.63,154.18
2026-01-28 19:00,Oeste,69.8,142.28,5,53.08,119.8
2026-01-28 20:00,Centro,110.95,181.1,4,66.89,150.95
2026-01-28 21:00,Norte,72.51,184.73,5,22.52,122.51
2026-01-28 22:00,Leste,151.41,158.2,1,80.27,161.41
2026-01-28 23:00,Centro,116.28,147.05,1,37.18,126.28
2026-01-01 00:00,Sul,76.57,138.03,2,45.55,96.57
2026-01-01 01:00,Oeste,90.51,173.76,1,58.04,100.51
2026-01-01 02:00,Centro,79.64,140.73,5,46.34,129.64
2026-01-01 03:00,Centro,118.12,145.87,4,54.1,158.12
2026-01-01 04:00,Leste,134.05,156.22,3,101.87,164.05
2026-01-01 05:00,Leste,97.44,163.24,1,36.73,107.44
2026-01-01 06:00,Leste,76.05,180.08,1,57.73,86.05
2026-01-01 07:00,Norte,80.67,170.81,3,44.14,110.67
2026-01-01 08:00,Norte,90.02,150.4,3,59.01,120.02
2026-01-01 09:00,Leste,108.38,154.57,2,33.8,128.38
2026-01-01 10:00,Oeste,135.61,165.11,4,86.9,175.61
2026-01-01 11:00,Leste,95.98,183.02,5,30.07,145.98
2026-01-01 12:00,Oeste,82.11,170.37,5,29.45,132.11
2026-01-01 13:00,Leste,130.32,173.23,3,77.94,160.32
2026-01-01 14:00,Norte,110.55,170.96,4,46.55,150.55
2026-01-01 15:00,Leste,116.66,144.33,3,53.56,146.66
2026-01-01 16:00,Norte,125.35,159.64,2,84.58,145.35
2026-01-01 17:00,Norte,93.38,140.7,5,46.89,143.38
2026-01-01 18:00,Norte,151.87,152.52,4,64.67,191.87
2026-01-01 19:00,Centro,167.71,149.64,3,93.87,251.91
2026-01-01 20:00,Oeste,169.98,174.3,3,114.73,199.98
2026-01-01 21:00,Centro,165.1,143.36,1,111.73,240.34
2026-01-01 22:00,Oeste,121.33,145.06,2,84.5,141.33
2026-01-01 23:00,Oeste,95.99,181.25,5,77.91,145.99
2026-01-02 00:00,Leste,136.91,150.36,1,83.98,146.91
2026-01-02 01:00,Oeste,81.97,162.6,3,66.11,111.97
2026-01-02 02:00,Oeste,80.32,185.66,1,54.64,90.32
2026-01-02 03:00,Centro,97.82,172.27,2,44.4,117.82
2026-01-02 04:00,Sul,101.61,171.03,2,42.18,121.61
2026-01-02 05:00,Oeste,106.28,147.63,4,67.58,146.28
2026-01-02 06:00,Sul,52.07,175.34,2,20.6,72.07
2026-01-02 07:00,Sul,143.41,164.82,3,99.7,173.41
2026-01-02 08:00,Norte,95.47,156.53,4,73.45,135.47
2026-01-02 09:00,Norte,106.65,155.15,5,51.06,156.65
2026-01-02 10:00,Norte,120.73,151.03,3,84.87,150.73
2026-01-02 11:00,Centro,61.85,177.32,2,27.31,81.85
2026-01-02 12:00,Centro,94.34,125.3,5,65.9,144.34
2026-01-02 13:00,Norte,155.03,149.2,3,92.69,202.52
2026-01-02 14:00,Centro,100.96,167.64,3,50.23,130.96
2026-01-02 15:00,Sul,96.37,132.93,2,83.01,116.37
2026-01-02 16:00,Leste,109.56,167.33,3,61.76,139.56
2026-01-02 17:00,Norte,105.52,156.14,5,55.38,155.52
2026-01-02 18:00,Sul,89.35,174.4,2,78.45,109.35
2026-01-02 19:00,Centro,74.16,178.04,3,23.18,104.16
2026-01-02 20:00,Sul,140.03,165.34,1,100.04,150.03
2026-01-02 21:00,Norte,99.54,174.78,3,83.8,129.54
2026-01-02 22:00,Oeste,82.08,157.6,4,43.76,122.08
2026-01-02 23:00,Sul,150.2,145.24,3,53.19,195.08
2026-01-03 00:00,Leste,85.46,188.4,2,72.6,105.46
2026-01-03 01:00,Leste,131.0,142.42,4,101.34,171.0
2026-01-03 02:00,Oeste,131.09,139.22,4,76.38,171.09
2026-01-03 03:00,Norte,120.13,153.99,4,99.24,160.13
2026-01-03 04:00,Oeste,117.45,139.26,5,39.91,167.45
2026-01-03 05:00,Norte,63.3,143.55,3,36.2,93.3
2026-01-03 06:00,Sul,102.69,138.58,2,69.63,122.69
2026-01-03 07:00,Norte,116.7,160.19,3,56.98,146.7
2026-01-03 08:00,Oeste,114.53,167.29,2,92.56,134.53
2026-01-03 09:00,Sul,105.81,147.31,4,87.2,145.81
2026-01-03 10:00,Sul,97.44,182.83,3,75.98,127.44
2026-01-03 11:00,Centro,120.65,167.26,4,99.63,160.65
2026-01-03 12:00,Sul,109.71,196.02,5,75.51,159.71
2026-01-03 13:00,Sul,156.34,137.6,2,71.46,232.56
2026-01-03 14:00,Norte,133.0,166.4,5,60.66,183.0
2026-01-03 15:00,Centro,114.74,157.61,5,42.5,164.74
2026-01-03 16:00,Oeste,48.41,173.36,4,38.55,88.41
2026-01-03 17:00,Leste,129.07,176.07,2,111.98,149.07
2026-01-03 18:00,Sul,93.1,177.02,2,52.03,113.1
2026-01-03 19:00,Sul,33.92,131.16,3,24.97,63.92
2026-01-03 20:00,Leste,77.68,167.55,2,24.64,97.68
2026-01-03 21:00,Oeste,102.49,176.36,2,53.48,122.49
2026-01-03 22:00,Oeste,124.14,168.66,3,109.82,154.14
2026-01-03 23:00,Leste,84.73,138.13,4,62.84,124.73
2026-01-04 00:00,Sul,128.6,168.48,1,64.26,138.6
2026-01-04 01:00,Centro,77.01,162.55,5,66.5,127.01
2026-01-04 02:00,Centro,88.55,133.55,1,40.04,98.55
2026-01-04 03:00,Centro,49.51,188.11,3,18.78,79.51
2026-01-04 04:00,Leste,115.2,162.41,2,69.38,135.2
2026-01-04 05:00,Oeste,109.57,154.46,3,79.57,139.57
2026-01-04 06:00,Oeste,107.84,165.81,1,95.66,117.84
2026-01-04 07:00,Leste,132.84,139.46,3,113.68,162.84
2026-01-04 08:00,Oeste,116.01,153.28,3,70.79,146.01
2026-01-04 09:00,Sul,117.0,151.84,4,88.71,157.0
2026-01-04 10:00,Sul,46.84,148.36,4,15.55,86.84
2026-01-04 11:00,Oeste,114.98,163.21,4,52.44,154.98
2026-01-04 12:00,Leste,24.73,179.06,4,8.03,64.73
2026-01-04 13:00,Sul,131.99,158.65,4,78.64,171.99
2026-01-04 14:00,Sul,107.9,164.66,3,44.07,137.9
2026-01-04 15:00,Centro,99.98,132.1,5,83.44,149.98
2026-01-04 16:00,Centro,120.64,211.42,1,74.26,130.64
2026-01-04 17:00,Norte,123.77,190.59,2,94.18,143.77
2026-01-04 18:00,Centro,104.36,157.76,1,55.99,114.36
2026-01-04 19:00,Norte,110.69,156.94,3,43.42,140.69
2026-01-04 20:00,Leste,62.01,165.82,4,35.49,102.01
2026-01-04 21:00,Oeste,97.76,159.1,1,67.82,107.76
2026-01-04 22:00,Norte,81.61,181.68,5,30.82,131.61
2026-01-04 23:00,Centro,106.49,148.4,1,79.47,116.49
2026-01-05 00:00,Sul,123.39,155.62,4,55.91,163.39
2026-01-05 01:00,Sul,148.88,153.45,1,46.5,158.88
2026-01-05 02:00,Sul,122.61,182.28,3,84.39,152.61
2026-01-05 03:00,Leste,121.1,171.98,4,89.8,161.1
2026-01-05 04:00,Leste,127.97,148.4,3,89.49,157.97
2026-01-05 05:00,Centro,71.1,158.62,4,41.65,111.1
2026-01-05 06:00,Centro,91.22,156.15,4,71.75,131.22
2026-01-05 07:00,Leste,113.74,179.5,1,36.88,123.74
2026-01-05 08:00,Centro,137.03,156.23,2,117.62,157.03
2026-01-05 09:00,Norte,79.07,146.7,3,45.93,109.07
2026-01-05 10:00,Leste,123.78,150.59,2,110.23,143.78
2026-01-05 11:00,Centro,116.55,144.68,3,74.72,146.55
2026-01-05 12:00,Oeste,106.73,162.11,1,64.72,116.73
2026-01-05 13:00,Leste,130.47,172.34,5,102.77,180.47
2026-01-05 14:00,Oeste,99.68,166.19,5,30.88,149.68
2026-01-05 15:00,Oeste,106.79,168.6,4,34.94,146.79
2026-01-05 16:00,Oeste,115.02,151.18,5,84.48,165.02
2026-01-05 17:00,Norte,86.02,151.74,2,36.7,106.02
2026-01-05 18:00,Norte,99.36,139.59,1,55.67,109.36
2026-01-05 19:00,Oeste,112.44,160.27,2,77.98,132.44
2026-01-05 20:00,Leste,81.99,131.77,5,60.3,131.99
2026-01-05 21:00,Oeste,50.35,132.55,3,35.97,80.35
2026-01-05 22:00,Norte,103.6,153.95,2,31.94,123.6
2026-01-05 23:00,Sul,115.54,138.81,2,94.21,135.54
2026-01-06 00:00,Centro,86.1,160.99,2,48.34,106.1
2026-01-06 01:00,Oeste,107.67,171.83,4,41.87,147.67
2026-01-06 02:00,Oeste,114.93,161.24,2,85.42,134.93
2026-01-06 03:00,Sul,127.51,156.19,4,83.03,167.51
2026-01-06 04:00,Norte,86.93,187.1,4,28.73,126.93
2026-01-06 05:00,Oeste,138.75,177.49,4,123.17,178.75
2026-01-06 06:00,Norte,97.27,139.88,5,87.49,147.27
2026-01-06 07:00,Oeste,71.24,161.36,5,52.35,121.24
2026-01-06 08:00,Leste,101.0,165.27,1,55.88,111.0
2026-01-06 09:00,Norte,81.35,156.11,4,67.81,121.35
2026-01-06 10:00,Oeste,40.91,161.16,3,23.28,70.91
2026-01-06 11:00,Oeste,120.43,161.61,2,70.04,140.43
2026-01-06 12:00,Oeste,101.98,170.5,3,86.99,131.98
2026-01-06 13:00,Leste,114.15,169.17,4,99.98,154.15
2026-01-06 14:00,Leste,112.77,134.21,2,75.91,132.77
2026-01-06 15:00,Sul,96.14,154.07,4,36.29,136.14
2026-01-06 16:00,Oeste,116.16,174.52,4,100.57,156.16
2026-01-06 17:00,Leste,94.33,169.7,1,84.86,104.33
2026-01-06 18:00,Centro,117.22,150.41,2,47.45,137.22
2026-01-06 19:00,Sul,108.89,161.09,4,40.11,148.89
2026-01-06 20:00,Leste,112.93,167.35,3,101.21,142.93
2026-01-06 21:00,Sul,105.21,134.47,5,48.45,155.21
2026-01-06 22:00,Norte,130.77,135.7,5,91.76,180.77
2026-01-06 23:00,Norte,124.03,152.84,4,108.85,164.03
2026-01-07 00:00,Norte,143.06,155.85,5,110.06,193.06
2026-01-07 01:00,Norte,103.27,156.07,1,41.33,113.27
2026-01-07 02:00,Oeste,137.86,136.07,2,101.6,163.22
2026-01-07 03:00,Leste,102.21,142.43,1,40.12,112.21
2026-01-07 04:00,Oeste,93.1,167.04,2,52.46,113.1
2026-01-07 05:00,Centro,100.35,158.29,4,50.65,140.35
2026-01-07 06:00,Sul,109.34,170.38,4,56.46,149.34
2026-01-07 07:00,Sul,124.25,180.46,4,95.96,164.25
2026-01-07 08:00,Centro,108.25,145.32,4,90.81,148.25
2026-01-07 09:00,Norte,106.55,146.34,1,60.26,116.55
2026-01-07 10:00,Leste,93.9,142.27,1,32.95,103.9
2026-01-07 11:00,Norte,64.94,174.95,4,21.88,104.94
2026-01-07 12:00,Centro,80.85,141.85,5,27.06,130.85
2026-01-07 13:00,Leste,125.68,157.33,5,103.58,175.68
2026-01-07 14:00,Centro,102.65,158.98,3,86.24,132.65
2026-01-07 15:00,Centro,134.06,148.84,4,92.01,174.06
2026-01-07 16:00,Oeste,75.37,145.34,4,54.15,115.37
2026-01-07 17:00,Leste,108.2,129.45,1,34.86,118.2
2026-01-07 18:00,Centro,69.31,175.23,2,42.44,89.31
2026-01-07 19:00,Leste,97.67,166.47,5,47.6,147.67
2026-01-07 20:00,Centro,100.65,151.15,1,83.96,110.65
2026-01-07 21:00,Centro,84.47,153.88,3,62.16,114.47
2026-01-07 22:00,Centro,106.76,163.37,3,48.67,136.76
2026-01-07 23:00,Centro,95.23,163.72,1,54.21,105.23
2026-01-08 00:00,Centro,97.73,143.58,2,76.55,117.73
2026-01-08 01:00,Sul,51.43,147.26,5,41.49,101.43
2026-01-08 02:00,Oeste,87.94,169.92,5,61.86,137.94
2026-01-08 03:00,Sul,81.28,158.61,3,49.57,111.28
2026-01-08 04:00,Oeste,110.46,147.26,1,42.85,120.46
2026-01-08 05:00,Sul,104.89,154.54,1,58.21,114.89
2026-01-08 06:00,Oeste,73.12,162.42,3,51.63,103.12
2026-01-08 07:00,Centro,74.29,150.45,4,61.15,114.29
2026-01-08 08:00,Oeste,73.77,160.12,4,52.62,113.77
2026-01-08 09:00,Sul,97.02,144.52,2,37.51,117.02
2026-01-08 10:00,Norte,72.47,161.59,5,59.28,122.47
2026-01-08 11:00,Centro,90.58,144.46,1,67.74,100.58
2026-01-08 12:00,Norte,58.04,187.04,5,47.09,108.04
2026-01-08 13:00,Norte,123.61,173.45,1,75.86,133.61
2026-01-08 14:00,Norte,46.95,193.28,3,22.36,76.95
2026-01-08 15:00,Leste,103.54,151.97,5,57.27,153.54
2026-01-08 16:00,Centro,113.36,153.29,4,34.15,153.36
2026-01-08 17:00,Leste,70.64,184.68,4,41.59,110.64
2026-01-08 18:00,Centro,130.84,147.07,4,76.56,170.84
2026-01-08 19:00,Oeste,189.17,166.07,4,143.2,298.47
2026-01-08 20:00,Centro,203.92,179.49,1,159.03,287.2
2026-01-08 21:00,Norte,164.65,165.87,4,82.89,204.65
2026-01-08 22:00,Sul,150.72,151.79,3,103.63,180.72
2026-01-08 23:00,Norte,91.35,141.16,3,58.15,121.35
2026-01-09 00:00,Norte,93.48,155.03,5,58.43,143.48
2026-01-09 01:00,Norte,129.28,155.17,4,77.77,169.28
2026-01-09 02:00,Leste,142.68,184.13,2,125.19,162.68
2026-01-09 03:00,Centro,104.29,149.05,5,59.09,154.29
2026-01-09 04:00,Norte,80.16,150.54,1,47.68,90.16
2026-01-09 05:00,Leste,91.55,167.99,1,74.69,101.55
2026-01-09 06:00,Leste,91.94,164.43,1,57.47,101.94
2026-01-09 07:00,Oeste,111.86,169.06,1,43.91,121.86
2026-01-09 08:00,Norte,96.22,155.29,3,39.34,126.22
2026-01-09 09:00,Leste,96.61,166.53,2,52.91,116.61
2026-01-09 10:00,Sul,97.03,195.71,1,32.13,107.03
2026-01-09 11:00,Centro,100.45,140.08,4,60.79,140.45
2026-01-09 12:00,Centro,90.72,164.9,1,44.55,100.72
2026-01-09 13:00,Norte,76.0,169.51,4,51.69,116.0
2026-01-09 14:00,Centro,92.28,198.31,1,41.32,102.28
2026-01-09 15:00,Norte,92.49,153.67,5,50.32,142.49
2026-01-09 16:00,Sul,116.75,145.46,2,61.18,136.75
2026-01-09 17:00,Centro,106.21,141.75,4,93.12,146.21
2026-01-09 18:00,Centro,98.93,160.2,4,86.73,138.93
2026-01-09 19:00,Oeste,83.67,198.91,1,28.12,93.67
2026-01-09 20:00,Sul,97.23,171.28,4,87.46,137.23
2026-01-09 21:00,Centro,74.3,150.86,1,29.49,84.3
2026-01-09 22:00,Sul,80.5,155.1,4,57.88,120.5
2026-01-09 23:00,Centro,85.68,105.59,4,36.54,125.68
2026-01-10 00:00,Oeste,121.11,156.53,3,82.49,151.11
2026-01-10 01:00,Oeste,94.69,181.87,3,47.82,124.69
2026-01-10 02:00,Norte,121.57,156.59,2,83.63,141.57
2026-01-10 03:00,Oeste,98.2,159.12,1,69.1,108.2
2026-01-10 04:00,Centro,63.74,152.05,4,48.28,103.74
2026-01-10 05:00,Oeste,144.65,174.98,1,90.14,154.65
2026-01-10 06:00,Leste,89.05,147.64,4,70.93,129.05
2026-01-10 07:00,Leste,63.81,178.73,1,23.92,73.81
2026-01-10 08:00,Leste,124.97,153.66,2,93.21,144.97
2026-01-10 09:00,Centro,83.39,138.63,2,29.52,103.39
2026-01-10 10:00,Oeste,67.91,140.69,2,29.92,87.91
2026-01-10 11:00,Centro,106.7,159.16,4,89.92,146.7
2026-01-10 12:00,Leste,104.2,169.58,4,38.2,144.2
2026-01-10 13:00,Centro,73.53,152.63,5,30.61,123.53
2026-01-10 14:00,Sul,84.04,142.0,2,28.51,104.04
2026-01-10 15:00,Centro,99.67,152.17,5,81.06,149.67
2026-01-10 16:00,Centro,97.35,148.09,1,87.15,107.35
2026-01-10 17:00,Oeste,71.58,145.07,4,21.56,111.58
2026-01-10 18:00,Leste,62.13,132.19,1,50.47,72.13
2026-01-10 19:00,Centro,25.67,180.12,3,9.58,55.67
2026-01-10 20:00,Sul,76.84,162.96,1,63.8,86.84
2026-01-10 21:00,Norte,153.55,169.77,5,87.42,203.55
2026-01-10 22:00,Sul,82.44,168.51,5,64.68,132.44
2026-01-10 23:00,Sul,126.0,157.84,1,107.13,136.0
2026-01-11 00:00,Oeste,111.04,171.12,1,35.17,121.04
2026-01-11 01:00,Sul,111.95,141.22,3,90.04,141.95
2026-01-11 02:00,Leste,114.37,166.94,3,91.44,144.37
2026-01-11 03:00,Centro,81.76,158.64,1,62.59,91.76
2026-01-11 04:00,Norte,89.61,162.53,4,58.01,129.61
2026-01-11 05:00,Norte,155.03,154.67,4,75.65,196.1
2026-01-11 06:00,Centro,101.82,154.75,4,33.89,141.82
2026-01-11 07:00,Leste,93.53,156.06,1,59.44,103.53
2026-01-11 08:00,Sul,114.88,147.7,5,86.3,164.88
2026-01-11 09:00,Oeste,129.01,140.15,5,39.52,179.01
2026-01-11 10:00,Leste,74.24,163.54,5,49.85,124.24
2026-01-11 11:00,Leste,78.12,141.71,1,44.72,88.12
2026-01-11 12:00,Norte,89.82,156.24,1,59.02,99.82
2026-01-11 13:00,Centro,60.01,144.15,5,22.54,110.01
2026-01-11 14:00,Sul,98.97,175.67,5,56.09,148.97
2026-01-11 15:00,Oeste,104.87,163.43,2,51.07,124.87
2026-01-11 16:00,Centro,63.81,158.21,3,31.06,93.81
2026-01-11 17:00,Leste,102.25,151.64,3,67.69,132.25
2026-01-11 18:00,Sul,97.84,161.4,5,67.96,147.84
2026-01-11 19:00,Oeste,127.83,166.29,5,104.21,177.83
2026-01-11 20:00,Leste,61.93,194.15,2,47.76,81.93
2026-01-11 21:00,Leste,110.57,175.82,4,72.96,150.57
2026-01-11 22:00,Oeste,119.32,144.46,3,79.9,149.32
2026-01-11 23:00,Norte,94.42,166.22,1,56.42,104.42
2026-01-12 00:00,Sul,75.27,142.35,4,50.76,115.27
2026-01-12 01:00,Oeste,57.56,163.1,3,45.14,87.56
2026-01-12 02:00,Norte,104.42,169.2,1,54.06,114.42
2026-01-12 03:00,Sul,80.06,174.86,2,37.97,100.06
2026-01-12 04:00,Norte,62.55,135.66,3,20.41,92.55
2026-01-12 05:00,Sul,106.42,171.64,2,88.46,126.42
2026-01-12 06:00,Sul,83.0,176.12,2,34.66,103.0
2026-01-12 07:00,Sul,130.28,132.49,1,104.07,140.28
2026-01-12 08:00,Sul,68.13,178.2,1,34.27,78.13
2026-01-12 09:00,Centro,93.72,170.46,3,65.28,123.72
2026-01-12 10:00,Norte,186.23,152.5,4,154.01,327.39
2026-01-12 11:00,Sul,138.06,181.04,2,107.27,158.06
2026-01-12 12:00,Sul,62.31,155.31,3,41.11,92.31
2026-01-12 13:00,Centro,137.31,147.88,5,56.77,187.31
2026-01-12 14:00,Leste,96.11,168.18,2,31.91,116.11
2026-01-12 15:00,Sul,134.06,139.01,5,111.47,184.06
2026-01-12 16:00,Centro,93.77,133.98,5,31.78,143.77
2026-01-12 17:00,Centro,60.54,180.07,5,31.75,110.54
2026-01-12 18:00,Oeste,78.52,162.94,3,48.31,108.52
2026-01-12 19:00,Centro,93.74,142.88,3,60.81,123.74
2026-01-12 20:00,Sul,89.96,151.74,2,51.39,109.96
2026-01-12 21:00,Leste,83.04,167.8,4,53.38,123.04
2026-01-12 22:00,Centro,99.7,166.31,1,47.56,109.7
2026-01-12 23:00,Leste,80.27,175.96,4,48.76,120.27
2026-01-13 00:00,Oeste,74.9,167.54,4,38.99,114.9
2026-01-13 01:00,Leste,89.97,173.44,2,50.83,109.97
2026-01-13 02:00,Centro,85.59,148.8,1,40.8,95.59
2026-01-13 03:00,Norte,64.2,158.27,3,54.95,94.2
2026-01-13 04:00,Sul,117.37,169.61,5,49.32,167.37
2026-01-13 05:00,Centro,91.4,149.86,3,37.88,121.4
2026-01-13 06:00,Norte,189.72,159.32,5,160.78,330.92
2026-01-13 07:00,Oeste,102.56,147.89,3,78.96,132.56
2026-01-13 08:00,Centro,143.77,150.7,1,83.85,153.77
2026-01-13 09:00,Sul,161.36,157.52,4,70.44,212.9
2026-01-13 10:00,Oeste,70.28,162.89,5,53.03,120.28
2026-01-13 11:00,Oeste,94.29,165.35,2,52.54,114.29
2026-01-13 12:00,Sul,106.87,175.88,5,33.99,156.87
2026-01-13 13:00,Leste,88.42,156.32,1,53.04,98.42
2026-01-13 14:00,Centro,86.06,173.21,4,65.21,126.06
2026-01-13 15:00,Sul,89.8,178.98,5,69.25,139.8
2026-01-13 16:00,Centro,135.12,190.47,3,86.6,165.12
2026-01-13 17:00,Sul,127.98,149.89,4,113.66,167.98
2026-01-13 18:00,Norte,108.6,158.28,4,44.85,148.6
2026-01-13 19:00,Norte,69.62,193.74,3,24.78,99.62
2026-01-13 20:00,Sul,92.89,151.64,5,55.1,142.89
2026-01-13 21:00,Sul,117.34,191.34,4,55.18,157.34
2026-01-13 22:00,Centro,92.22,177.68,4,30.84,132.22
2026-01-13 23:00,Norte,122.19,160.93,4,65.33,162.19
2026-01-14 00:00,Sul,117.92,171.33,1,62.9,127.92
2026-01-14 01:00,Oeste,111.62,167.42,4,88.26,151.62
2026-01-14 02:00,Centro,117.74,176.49,3,76.82,147.74
2026-01-14 03:00,Sul,94.26,143.74,2,28.7,114.26
2026-01-14 04:00,Centro,56.04,169.36,5,43.97,106.04
2026-01-14 05:00,Centro,84.57,177.12,4,48.72,124.57
2026-01-14 06:00,Leste,110.6,161.59,4,56.19,150.6
2026-01-14 07:00,Sul,63.92,177.66,2,35.1,83.92
2026-01-14 08:00,Sul,132.87,145.66,4,70.53,172.87
2026-01-14 09:00,Sul,96.44,153.63,1,42.8,106.44
2026-01-14 10:00,Norte,94.77,180.86,3,66.34,124.77
2026-01-14 11:00,Oeste,87.16,137.25,2,73.68,107.16
2026-01-14 12:00,Norte,131.68,159.09,3,45.55,161.68
2026-01-14 13:00,Leste,56.54,159.28,4,32.26,96.54
2026-01-14 14:00,Oeste,102.0,164.37,1,35.08,112.0
2026-01-14 15:00,Norte,69.63,176.87,2,37.46,89.63
2026-01-14 16:00,Oeste,99.85,183.57,2,49.55,119.85
2026-01-14 17:00,Oeste,90.64,160.54,5,62.93,140.64
2026-01-14 18:00,Norte,129.47,181.45,2,52.09,149.47
2026-01-14 19:00,Oeste,87.78,154.17,1,54.49,97.78
2026-01-14 20:00,Sul,118.29,179.5,1,83.56,128.29
2026-01-14 21:00,Centro,85.43,163.42,1,71.38,95.43
2026-01-14 22:00,Norte,108.15,182.65,5,74.04,158.15
2026-01-14 23:00,Norte,83.41,168.17,1,54.96,93.41
2026-01-15 00:00,Sul,105.99,134.65,2,55.62,125.99
2026-01-15 01:00,Leste,101.39,162.57,1,90.6,111.39
2026-01-15 02:00,Norte,116.18,139.54,1,50.23,126.18
2026-01-15 03:00,Norte,113.69,132.96,2,83.49,133.69
2026-01-15 04:00,Sul,89.7,163.62,3,44.28,119.7
2026-01-15 05:00,Norte,58.66,135.3,4,50.65,98.66
2026-01-15 06:00,Oeste,101.3,167.05,3,40.94,131.3
2026-01-15 07:00,Norte,97.8,158.08,2,56.26,117.8
2026-01-15 08:00,Norte,88.96,149.85,5,46.38,138.96
2026-01-15 09:00,Norte,119.35,149.83,5,71.58,169.35
2026-01-15 10:00,Norte,89.68,134.18,5,36.13,139.68
2026-01-15 11:00,Sul,42.86,135.14,4,30.29,82.86
2026-01-15 12:00,Oeste,82.49,178.54,3,73.16,112.49
2026-01-15 13:00,Centro,104.3,161.17,5,59.38,154.3
2026-01-15 14:00,Norte,88.46,151.57,5,63.94,138.46
2026-01-15 15:00,Oeste,103.77,180.64,1,50.36,113.77
2026-01-15 16:00,Oeste,101.58,139.16,1,38.86,111.58
2026-01-15 17:00,Sul,95.86,168.24,2,65.69,115.86
2026-01-15 18:00,Leste,209.92,150.63,4,156.09,427.81
2026-01-15 19:00,Oeste,194.53,169.8,1,119.15,278.72
2026-01-15 20:00,Leste,167.67,150.08,1,73.34,230.46
2026-01-15 21:00,Sul,170.66,168.5,1,144.03,187.14
2026-01-15 22:00,Oeste,112.26,138.04,2,74.64,132.26
2026-01-15 23:00,Oeste,84.22,158.72,1,28.53,94.22
2026-01-16 00:00,Sul,114.79,164.18,2,99.06,134.79
2026-01-16 01:00,Norte,128.09,170.96,2,56.59,148.09
2026-01-16 02:00,Sul,74.91,167.52,2,54.91,94.91
2026-01-16 03:00,Oeste,69.7,169.41,3,32.84,99.7
2026-01-16 04:00,Leste,116.42,157.97,4,40.52,156.42
2026-01-16 05:00,Centro,87.84,165.42,4,48.63,127.84
2026-01-16 06:00,Oeste,96.0,134.76,4,29.94,136.0
2026-01-16 07:00,Sul,90.64,162.75,3,59.56,120.64
2026-01-16 08:00,Oeste,85.31,156.96,4,49.32,125.31
2026-01-16 09:00,Sul,93.34,178.86,4,32.03,133.34
2026-01-16 10:00,Centro,96.39,150.34,2,29.16,116.39
2026-01-16 11:00,Oeste,97.02,145.59,4,82.99,137.02
2026-01-16 12:00,Centro,123.75,157.33,4,59.98,163.75
2026-01-16 13:00,Centro,146.87,173.5,1,77.97,156.87
2026-01-16 14:00,Leste,122.2,181.69,3,93.21,152.2
2026-01-16 15:00,Oeste,71.1,158.95,3,51.04,101.1
2026-01-16 16:00,Leste,136.51,149.1,2,80.08,156.51
2026-01-16 17:00,Oeste,74.46,143.48,2,34.01,94.46
2026-01-16 18:00,Sul,113.26,157.09,2,74.9,133.26
2026-01-16 19:00,Centro,142.79,161.99,4,76.91,182.79
2026-01-16 20:00,Sul,110.1,159.01,2,90.9,130.1
2026-01-16 21:00,Centro,109.17,149.95,3,65.54,139.17
2026-01-16 22:00,Norte,86.64,147.63,3,64.15,116.64
2026-01-16 23:00,Leste,125.21,172.4,3,98.73,155.21
2026-01-17 00:00,Norte,99.54,125.41,4,71.61,139.54
2026-01-17 01:00,Oeste,145.88,157.75,1,52.24,155.88
2026-01-17 02:00,Leste,64.0,156.58,4,25.75,104.0
2026-01-17 03:00,Norte,105.22,167.42,4,43.06,145.22
2026-01-17 04:00,Sul,56.31,168.4,2,23.68,76.31
2026-01-17 05:00,Centro,105.93,150.88,4,59.79,145.93
2026-01-17 06:00,Oeste,127.52,173.52,1,60.68,137.52
2026-01-17 07:00,Oeste,106.46,163.86,1,69.34,116.46
2026-01-17 08:00,Norte,57.91,162.36,1,19.5,67.91
2026-01-17 09:00,Centro,77.62,137.19,1,27.8,87.62
2026-01-17 10:00,Leste,106.3,145.94,5,94.83,156.3
2026-01-17 11:00,Leste,125.77,152.97,3,83.34,155.77
2026-01-17 12:00,Leste,63.84,182.87,3,50.44,93.84
2026-01-17 13:00,Leste,87.6,147.41,1,77.54,97.6
2026-01-17 14:00,Sul,100.68,158.89,4,74.01,140.68
2026-01-17 15:00,Sul,112.64,161.23,5,52.68,162.64
2026-01-17 16:00,Sul,76.5,175.32,4,46.58,116.5
2026-01-17 17:00,Leste,135.64,160.42,3,42.04,165.64
2026-01-17 18:00,Sul,146.26,131.69,3,103.37,219.98
2026-01-17 19:00,Leste,80.2,150.57,5,62.27,130.2
2026-01-17 20:00,Norte,47.95,175.2,4,42.78,87.95
2026-01-17 21:00,Centro,97.94,147.55,2,71.22,117.94
2026-01-17 22:00,Oeste,131.23,141.55,5,41.87,181.23
2026-01-17 23:00,Oeste,106.14,147.84,5,94.71,156.14
2026-01-18 00:00,Centro,113.39,174.19,1,66.82,123.39
2026-01-18 01:00,Norte,100.99,170.33,1,36.69,110.99
2026-01-18 02:00,Sul,130.74,189.15,4,99.33,170.74
2026-01-18 03:00,Centro,92.87,138.2,1,64.95,102.87
2026-01-18 04:00,Centro,80.56,147.01,3,66.32,110.56
2026-01-18 05:00,Oeste,103.47,139.78,3,54.45,133.47
2026-01-18 06:00,Sul,75.11,138.35,4,58.97,115.11
2026-01-18 07:00,Centro,98.82,172.42,1,34.93,108.82
2026-01-18 08:00,Sul,138.13,150.47,1,88.92,148.13
2026-01-18 09:00,Leste,137.52,130.34,5,102.06,209.04
2026-01-18 10:00,Leste,128.65,167.04,4,114.23,168.65
2026-01-18 11:00,Centro,105.96,133.43,2,64.83,125.96
2026-01-18 12:00,Oeste,90.01,156.15,1,56.07,100.01
2026-01-18 13:00,Oeste,81.48,185.27,3,65.37,111.48
2026-01-18 14:00,Norte,93.99,152.33,3,36.42,123.99
2026-01-18 15:00,Centro,82.53,152.49,1,38.3,92.53
2026-01-18 16:00,Oeste,53.48,163.83,4,25.4,93.48
2026-01-18 17:00,Sul,142.5,169.88,2,113.53,162.5
2026-01-18 18:00,Norte,133.73,131.42,2,96.32,160.64
2026-01-18 19:00,Leste,138.3,147.95,4,101.85,178.3
2026-01-18 20:00,Centro,136.51,157.84,2,122.13,156.51
2026-01-18 21:00,Oeste,79.58,169.84,4,71.16,119.58
2026-01-18 22:00,Sul,76.27,171.62,3,35.8,106.27
2026-01-18 23:00,Centro,90.47,141.98,1,34.25,100.47
2026-01-19 00:00,Sul,105.55,156.26,3,60.64,135.55
2026-01-19 01:00,Sul,76.11,152.45,4,36.13,116.11
2026-01-19 02:00,Norte,111.29,186.23,2,82.49,131.29
2026-01-19 03:00,Sul,68.09,182.49,1,48.14,78.09
2026-01-19 04:00,Norte,49.15,189.92,2,42.06,69.15
2026-01-19 05:00,Centro,82.55,173.39,1,30.58,92.55
2026-01-19 06:00,Oeste,80.3,143.71,2,54.3,100.3
2026-01-19 07:00,Centro,100.39,167.54,4,59.55,140.39
2026-01-19 08:00,Norte,134.89,153.85,4,103.26,174.89
2026-01-19 09:00,Oeste,108.67,130.44,4,50.55,148.67
2026-01-19 10:00,Centro,91.5,165.62,1,34.15,101.5
2026-01-19 11:00,Norte,105.21,179.7,5,61.83,155.21
2026-01-19 12:00,Oeste,104.35,150.88,4,93.91,144.35
2026-01-19 13:00,Centro,96.13,167.4,3,32.5,126.13
2026-01-19 14:00,Centro,118.21,185.2,1,63.39,128.21
2026-01-19 15:00,Centro,106.41,141.97,1,65.06,116.41
2026-01-19 16:00,Sul,55.17,153.28,1,41.49,65.17
2026-01-19 17:00,Sul,152.14,153.15,2,124.33,172.14
2026-01-19 18:00,Sul,127.21,160.55,3,47.55,157.21
2026-01-19 19:00,Norte,67.62,150.09,1,43.1,77.62
2026-01-19 20:00,Centro,111.12,163.92,3,57.58,141.12
2026-01-19 21:00,Norte,132.49,196.32,1,59.49,142.49
2026-01-19 22:00,Oeste,128.55,153.98,3,89.41,158.55
2026-01-19 23:00,Leste,118.53,173.41,3,72.73,148.53
2026-01-20 00:00,Norte,76.52,148.91,1,53.38,86.52
2026-01-20 01:00,Sul,101.31,169.65,3,82.43,131.31
2026-01-20 02:00,Leste,132.73,154.62,2,86.95,152.73
2026-01-20 03:00,Leste,124.12,175.12,1,78.19,134.12
2026-01-20 04:00,Leste,60.16,181.95,4,34.51,100.16
2026-01-20 05:00,Norte,73.57,128.12,2,45.73,93.57
2026-01-20 06:00,Centro,86.4,151.36,2,62.96,106.4
2026-01-20 07:00,Sul,74.52,136.78,5,29.69,124.52
2026-01-20 08:00,Centro,82.17,184.15,4,25.93,122.17
2026-01-20 09:00,Centro,100.31,171.9,5,36.71,150.31
2026-01-20 10:00,Leste,81.38,167.41,1,42.13,91.38
2026-01-20 11:00,Norte,102.47,151.69,2,47.56,122.47
2026-01-20 12:00,Norte,52.83,187.55,4,46.02,92.83
2026-01-20 13:00,Oeste,118.16,181.63,3,77.19,148.16
2026-01-20 14:00,Centro,119.11,167.85,5,97.58,169.11
2026-01-20 15:00,Oeste,98.49,166.79,1,39.64,108.49
2026-01-20 16:00,Oeste,119.11,184.63,5,75.16,169.11
2026-01-20 17:00,Sul,87.08,161.14,1,62.0,97.08
2026-01-20 18:00,Norte,92.39,153.04,5,68.48,142.39
2026-01-20 19:00,Sul,131.11,149.5,3,94.99,161.11
2026-01-20 20:00,Leste,88.66,145.95,4,36.34,128.66
2026-01-20 21:00,Centro,108.85,143.1,3,94.87,138.85
2026-01-20 22:00,Norte,148.19,148.9,2,71.59,168.19
2026-01-20 23:00,Norte,124.16,155.03,3,100.21,154.16
2026-01-21 00:00,Norte,116.41,165.15,1,46.46,126.41
2026-01-21 01:00,Norte,117.68,166.24,4,92.38,157.68
2026-01-21 02:00,Sul,125.52,156.29,5,107.88,175.52
2026-01-21 03:00,Oeste,70.17,162.3,5,50.43,120.17
2026-01-21 04:00,Centro,116.18,160.85,1,84.63,126.18
2026-01-21 05:00,Norte,99.96,148.77,5,71.02,149.96
2026-01-21 06:00,Sul,49.52,135.78,5,41.71,99.52
2026-01-21 07:00,Norte,142.59,173.04,5,73.0,192.59
2026-01-21 08:00,Leste,78.41,166.83,3,69.15,108.41
2026-01-21 09:00,Norte,116.26,154.15,5,94.22,166.26
2026-01-21 10:00,Centro,92.85,176.69,3,39.72,122.85
2026-01-21 11:00,Norte,55.56,181.05,5,44.2,105.56
2026-01-21 12:00,Norte,148.51,147.49,4,49.68,191.56
2026-01-21 13:00,Leste,83.31,151.11,3,30.35,113.31
2026-01-21 14:00,Oeste,112.38,153.87,3,34.31,142.38
2026-01-21 15:00,Oeste,89.49,160.32,5,75.09,139.49
2026-01-21 16:00,Leste,120.59,172.17,2,91.85,140.59
2026-01-21 17:00,Sul,103.75,174.88,3,53.82,133.75
2026-01-21 18:00,Oeste,80.71,157.3,4,55.99,120.71
2026-01-21 19:00,Sul,112.29,171.92,4,34.08,152.29
2026-01-21 20:00,Leste,115.72,167.87,2,62.11,135.72
2026-01-21 21:00,Leste,112.01,154.83,2,97.34,132.01
2026-01-21 22:00,Sul,121.27,171.8,4,94.58,161.27
2026-01-21 23:00,Oeste,80.73,182.73,4,48.53,120.73
2026-01-22 00:00,Leste,142.63,187.73,1,53.58,152.63
2026-01-22 01:00,Leste,57.3,160.0,2,18.98,77.3
2026-01-22 02:00,Leste,69.53,168.65,1,38.98,79.53
2026-01-22 03:00,Sul,97.91,166.1,4,43.93,137.91
2026-01-22 04:00,Leste,97.91,150.43,3,74.41,127.91
2026-01-22 05:00,Norte,118.83,159.59,4,49.8,158.83
2026-01-22 06:00,Centro,91.08,143.11,2,37.63,111.08
2026-01-22 07:00,Norte,90.22,153.83,1,34.23,100.22
2026-01-22 08:00,Centro,97.56,169.69,2,54.22,117.56
2026-01-22 09:00,Leste,115.55,188.49,4,62.9,155.55
2026-01-22 10:00,Oeste,78.44,120.05,2,39.35,98.44
2026-01-22 11:00,Leste,124.45,165.95,1,60.06,134.45
2026-01-22 12:00,Norte,60.83,187.14,4,27.26,100.83
2026-01-22 13:00,Oeste,100.34,160.45,3,42.86,130.34
2026-01-22 14:00,Oeste,93.57,180.12,4,38.45,133.57
2026-01-22 15:00,Centro,86.06,169.66,1,60.36,96.06
2026-01-22 16:00,Leste,101.69,152.14,3,75.74,131.69
2026-01-22 17:00,Leste,98.52,140.02,5,51.52,148.52
2026-01-22 18:00,Centro,186.12,174.3,1,70.41,231.55
2026-01-22 19:00,Oeste,204.17,173.68,2,84.89,315.64
2026-01-22 20:00,Leste,188.8,157.33,5,126.76,333.22
2026-01-22 21:00,Sul,168.34,115.19,2,104.39,347.78
2026-01-22 22:00,Centro,115.7,162.66,5,84.11,165.7
2026-01-22 23:00,Norte,152.42,155.04,4,103.33,192.42
2026-01-23 00:00,Centro,107.93,157.02,4,66.3,147.93
2026-01-23 01:00,Sul,103.84,151.23,3,74.56,133.84
2026-01-23 02:00,Sul,84.6,196.31,1,65.7,94.6
2026-01-23 03:00,Norte,98.53,144.93,5,81.01,148.53
2026-01-23 04:00,Oeste,121.1,181.56,4,77.2,161.1
2026-01-23 05:00,Centro,83.84,166.97,2,25.33,103.84
2026-01-23 06:00,Centro,107.76,182.7,5,61.77,157.76
2026-01-23 07:00,Centro,97.29,189.3,3,70.53,127.29
2026-01-23 08:00,Norte,113.05,167.27,5,50.07,163.05
2026-01-23 09:00,Leste,61.86,132.47,3,52.97,91.86
2026-01-23 10:00,Sul,105.69,156.52,2,94.46,125.69
2026-01-23 11:00,Leste,98.71,159.83,3,67.08,128.71
2026-01-23 12:00,Sul,72.69,192.38,5,33.32,122.69
2026-01-23 13:00,Norte,71.17,171.23,3,63.42,101.17
2026-01-23 14:00,Norte,107.88,150.56,3,43.8,137.88
2026-01-23 15:00,Oeste,32.52,150.31,5,11.83,82.52
2026-01-23 16:00,Oeste,118.17,156.13,5,74.51,168.17
2026-01-23 17:00,Oeste,103.63,171.67,5,70.25,153.63
2026-01-23 18:00,Oeste,110.14,169.03,4,57.4,150.14
2026-01-23 19:00,Sul,113.16,165.27,2,89.32,133.16
2026-01-23 20:00,Norte,110.88,176.15,2,76.35,130.88
2026-01-23 21:00,Sul,80.8,189.01,4,57.56,120.8
2026-01-23 22:00,Oeste,108.76,162.45,2,62.32,128.76
2026-01-23 23:00,Oeste,124.71,170.81,1,82.56,134.71
2026-01-24 00:00,Norte,91.0,164.82,1,68.98,101.0
2026-01-24 01:00,Centro,128.92,178.99,3,49.71,158.92
2026-01-24 02:00,Leste,164.88,163.31,1,103.12,179.6
2026-01-24 03:00,Centro,106.34,154.95,2,62.55,126.34
2026-01-24 04:00,Sul,135.85,142.74,3,67.8,165.85
2026-01-24 05:00,Norte,101.22,178.77,3,68.47,131.22
2026-01-24 06:00,Centro,107.48,160.6,5,51.38,157.48
2026-01-24 07:00,Norte,119.58,149.83,1,101.32,129.58
2026-01-24 08:00,Sul,103.6,174.64,3,71.82,133.6
2026-01-24 09:00,Norte,133.47,149.24,1,79.42,143.47
2026-01-24 10:00,Centro,109.98,197.08,3,56.57,139.98
2026-01-24 11:00,Centro,88.13,172.27,1,73.8,98.13
2026-01-24 12:00,Oeste,115.4,172.9,3,76.14,145.4
2026-01-24 13:00,Leste,121.76,178.02,3,82.17,151.76
2026-01-24 14:00,Leste,93.21,165.73,4,64.97,133.21
2026-01-24 15:00,Sul,114.67,138.06,1,88.68,124.67
2026-01-24 16:00,Oeste,102.44,151.68,2,54.74,122.44
2026-01-24 17:00,Leste,104.84,153.25,4,91.81,144.84
2026-01-24 18:00,Oeste,113.57,170.45,2,46.46,133.57
2026-01-24 19:00,Oeste,82.46,174.0,4,59.04,122.46
2026-01-24 20:00,Sul,71.45,147.27,2,55.82,91.45
2026-01-24 21:00,Centro,76.56,172.69,5,47.49,126.56
2026-01-24 22:00,Oeste,82.39,157.55,1,53.43,92.39
2026-01-24 23:00,Sul,57.34,155.62,2,41.39,77.34
2026-01-25 00:00,Oeste,89.12,167.72,1,46.11,99.12
2026-01-25 01:00,Leste,154.33,151.11,1,130.69,174.0
2026-01-25 02:00,Sul,129.18,135.5,2,61.6,149.18
2026-01-25 03:00,Sul,116.16,143.67,4,51.75,156.16
2026-01-25 04:00,Norte,112.78,162.81,2,59.38,132.78
2026-01-25 05:00,Centro,91.27,145.12,1,65.79,101.27
2026-01-25 06:00,Leste,142.63,172.78,2,45.37,162.63
2026-01-25 07:00,Oeste,111.83,168.72,1,71.74,121.83
2026-01-25 08:00,Leste,109.35,167.69,2,81.89,129.35
2026-01-25 09:00,Norte,60.67,164.47,4,46.64,100.67
2026-01-25 10:00,Sul,96.67,168.5,1,64.04,106.67
2026-01-25 11:00,Oeste,96.31,159.95,4,68.18,136.31
2026-01-25 12:00,Sul,55.67,150.58,5,33.46,105.67
2026-01-25 13:00,Sul,87.05,164.04,1,53.35,97.05
2026-01-25 14:00,Sul,98.91,144.84,1,42.66,108.91
2026-01-25 15:00,Oeste,130.04,123.21,5,104.68,200.52
2026-01-25 16:00,Sul,64.01,163.09,4,50.97,104.01
2026-01-25 17:00,Norte,122.69,164.87,4,51.14,162.69
2026-01-25 18:00,Leste,118.81,168.68,3,37.64,148.81
2026-01-25 19:00,Leste,106.18,166.07,2,69.9,126.18
2026-01-25 20:00,Norte,106.4,169.31,1,47.26,116.4
2026-01-25 21:00,Oeste,131.9,157.17,5,117.64,181.9
2026-01-25 22:00,Leste,120.84,163.69,3,36.87,150.84
2026-01-25 23:00,Oeste,100.67,122.13,5,41.97,150.67
2026-01-26 00:00,Centro,89.73,119.98,1,44.76,99.73
2026-01-26 01:00,Oeste,136.55,176.14,2,42.9,156.55
2026-01-26 02:00,Sul,50.14,164.36,1,23.77,60.14
2026-01-26 03:00,Sul,95.83,154.46,1,83.53,105.83
2026-01-26 04:00,Sul,133.93,141.92,2,101.96,153.93
2026-01-26 05:00,Leste,129.48,159.27,5,89.45,179.48
2026-01-26 06:00,Oeste,87.46,162.58,3,45.14,117.46
2026-01-26 07:00,Centro,138.25,165.89,4,61.31,178.25
2026-01-26 08:00,Oeste,50.72,136.5,5,34.32,100.72
2026-01-26 09:00,Norte,103.55,161.5,3,65.06,133.55
2026-01-26 10:00,Sul,72.46,160.11,2,62.35,92.46
2026-01-26 11:00,Sul,129.81,168.17,3,45.89,159.81
2026-01-26 12:00,Oeste,93.2,143.84,4,82.68,133.2
2026-01-26 13:00,Oeste,91.94,153.31,1,81.18,101.94
2026-01-26 14:00,Centro,147.96,167.31,4,80.7,187.96
2026-01-26 15:00,Centro,111.4,156.08,3,67.67,141.4
2026-01-26 16:00,Leste,123.09,155.69,4,74.3,163.09
2026-01-26 17:00,Norte,155.24,127.85,1,104.38,247.41
2026-01-26 18:00,Norte,98.95,148.78,5,30.16,148.95
2026-01-26 19:00,Sul,96.29,168.52,4,78.22,136.29
2026-01-26 20:00,Oeste,78.74,170.79,1,40.11,88.74
2026-01-26 21:00,Sul,66.44,134.87,4,24.28,106.44
2026-01-26 22:00,Sul,93.62,126.72,4,71.24,133.62
2026-01-26 23:00,Oeste,92.57,163.18,3,83.11,122.57
2026-01-27 00:00,Norte,109.56,183.99,1,51.17,119.56
2026-01-27 01:00,Leste,41.53,149.79,2,28.41,61.53
2026-01-27 02:00,Leste,32.49,141.49,4,10.96,72.49
2026-01-27 03:00,Norte,117.05,119.69,2,38.91,137.05
2026-01-27 04:00,Sul,136.26,153.33,3,61.49,166.26
2026-01-27 05:00,Oeste,108.2,162.85,4,37.76,148.2
2026-01-27 06:00,Norte,121.05,146.76,3,49.69,151.05
2026-01-27 07:00,Leste,145.01,177.73,3,127.32,175.01
2026-01-27 08:00,Centro,111.86,171.95,4,65.88,151.86
2026-01-27 09:00,Centro,94.45,151.77,4,48.44,134.45
2026-01-27 10:00,Centro,97.29,161.36,5,40.78,147.29
2026-01-27 11:00,Oeste,83.55,151.13,3,25.78,113.55
2026-01-27 12:00,Oeste,126.91,152.87,3,46.72,156.91
2026-01-27 13:00,Sul,96.78,183.93,4,83.81,136.78
2026-01-27 14:00,Sul,76.28,144.0,5,27.35,126.28
2026-01-27 15:00,Centro,99.57,150.33,5,76.13,149.57
2026-01-27 16:00,Centro,83.39,169.65,2,73.63,103.39
2026-01-27 17:00,Leste,123.09,155.98,3,38.12,153.09
2026-01-27 18:00,Oeste,49.72,159.6,4,34.27,89.72
2026-01-27 19:00,Leste,80.04,167.18,5,44.46,130.04
2026-01-27 20:00,Centro,111.77,166.1,4,58.55,151.77
2026-01-27 21:00,Oeste,74.12,149.46,4,34.91,114.12
2026-01-27 22:00,Norte,74.11,142.58,1,66.49,84.11
2026-01-27 23:00,Centro,103.85,161.46,4,37.61,143.85
2026-01-28 00:00,Norte,110.28,156.96,4,66.39,150.28
2026-01-28 01:00,Oeste,75.86,134.52,2,32.9,95.86
2026-01-28 02:00,Leste,88.31,157.64,4,76.86,128.31
2026-01-28 03:00,Oeste,154.24,153.29,4,130.3,197.1
2026-01-28 04:00,Leste,124.2,160.69,2,75.08,144.2
2026-01-28 05:00,Norte,114.25,151.93,4,80.43,154.25
2026-01-28 06:00,Leste,120.95,150.89,1,38.19,130.95
2026-01-28 07:00,Sul,116.33,144.73,5,57.06,166.33
